accuracy,annotator,audio,fluency,word-label,prosody
"3 (Fair. Some noticeable pronunciation errors exist, requiring occasional listener effort for comprehension.)",1,fe3d2889-9580-4a1c-9766-42f89942265e---e04cfbe6-34e1-4908-aede-9aef0319f59.wav,"3 (Moderately Fluent with noticeable hesitations, but the communication is still coherent.)","[{""end"":15.138230366492145,""start"":14.15337172774869,""labels"":[""2 (Challenging to recognize but understandable)""],""channel"":0},{""end"":3.5285531135531136,""start"":0.6529212454212454,""labels"":[""4 (Good)""],""channel"":0},{""end"":5.681804029304029,""start"":4.125906593406593,""labels"":[""3 (Somewhat inaccurate but quite understandable)""],""channel"":0},{""end"":7.126565934065934,""start"":5.765155677655677,""labels"":[""2 (Challenging to recognize but understandable)""],""channel"":0},{""end"":8.487976190476191,""start"":7.807271062271061,""labels"":[""1 (Cannot recognize the word)""],""channel"":0},{""end"":10.9746336996337,""start"":9.335384615384616,""labels"":[""3 (Somewhat inaccurate but quite understandable)""],""channel"":0},{""end"":14.030860805860806,""start"":11.683122710622712,""labels"":[""4 (Good)""],""channel"":0}]","2 (Limited Prosody, speech may sound somewhat monotonous, impacting the overall expressiveness of the communication.)"
"2 (Poor. Pronunciation issues are more pronounced, demanding listener effort for understanding.)",2,fe3d2889-9580-4a1c-9766-42f89942265e---e04cfbe6-34e1-4908-aede-9aef0319f59.wav,"3 (Moderately Fluent with noticeable hesitations, but the communication is still coherent.)","[{""end"":2.2714438502673797,""start"":1.0005169340463456,""labels"":[""4 (Good)""],""channel"":0},{""end"":1.0140374331550799,""start"":0.7436274509803922,""labels"":[""3 (Somewhat inaccurate but quite understandable)""],""channel"":0},{""end"":2.8933868092691624,""start"":2.2714438502673797,""labels"":[""3 (Somewhat inaccurate but quite understandable)""],""channel"":0},{""end"":5.327076648841354,""start"":3.0015508021390374,""labels"":[""4 (Good)""],""channel"":0},{""end"":7.24698752228164,""start"":5.354117647058824,""labels"":[""3 (Somewhat inaccurate but quite understandable)""],""channel"":0},{""end"":8.558475935828877,""start"":7.720204991087344,""labels"":[""3 (Somewhat inaccurate but quite understandable)""],""channel"":0},{""end"":11.046247771836008,""start"":10.07277183600713,""labels"":[""1 (Cannot recognize the word)""],""channel"":0},{""end"":10.059251336898395,""start"":9.2750623885918,""labels"":[""4 (Good)""],""channel"":0},{""end"":15.17,""start"":11.614108734402853,""labels"":[""4 (Good)""],""channel"":0}]","3 (Moderate Prosody, there are noticeable variations in pitch and rhythm, but they may not always align perfectly with the content.)"
"3 (Fair. Some noticeable pronunciation errors exist, requiring occasional listener effort for comprehension.)",3,fe3d2889-9580-4a1c-9766-42f89942265e---e04cfbe6-34e1-4908-aede-9aef0319f59.wav,2 (Not Very Fluent. Speech is characterized by intermittent disruptions and pauses. There are moments of hesitation that may affect the overall flow.),"[{""end"":7.141094147582697,""start"":5.761125954198473,""labels"":[""1 (Cannot recognize the word)""],""channel"":0},{""end"":10.779192111959286,""start"":9.29307251908397,""labels"":[""1 (Cannot recognize the word)""],""channel"":0},{""end"":13.857582697201018,""start"":12.139860050890585,""labels"":[""1 (Cannot recognize the word)""],""channel"":0}]","2 (Limited Prosody, speech may sound somewhat monotonous, impacting the overall expressiveness of the communication.)"
"3 (Fair. Some noticeable pronunciation errors exist, requiring occasional listener effort for comprehension.)",4,fe3d2889-9580-4a1c-9766-42f89942265e---e04cfbe6-34e1-4908-aede-9aef0319f59.wav,2 (Not Very Fluent. Speech is characterized by intermittent disruptions and pauses. There are moments of hesitation that may affect the overall flow.),"[{""end"":8.4656,""start"":7.6812000000000005,""labels"":[""1 (Cannot recognize the word)""],""channel"":0},{""end"":10.804,""start"":10.078800000000001,""labels"":[""1 (Cannot recognize the word)""],""channel"":0},{""end"":15.17,""start"":14.9184,""labels"":[""3 (Somewhat inaccurate but quite understandable)""],""channel"":0},{""end"":13.8972,""start"":11.766,""labels"":[""4 (Good)""],""channel"":0},{""end"":14.8888,""start"":14.356,""labels"":[""4 (Good)""],""channel"":0},{""end"":10.0344,""start"":9.3092,""labels"":[""4 (Good)""],""channel"":0},{""end"":7.2223999999999995,""start"":4.099600000000001,""labels"":[""4 (Good)""],""channel"":0},{""end"":3.4928000000000003,""start"":0.7104,""labels"":[""4 (Good)""],""channel"":0}]","2 (Limited Prosody, speech may sound somewhat monotonous, impacting the overall expressiveness of the communication.)"
5 (Excellent. The overall pronunciation of the sentence is nearly perfect with accurate articulation of all sounds.),5,fe3d2889-9580-4a1c-9766-42f89942265e---e04cfbe6-34e1-4908-aede-9aef0319f59.wav,"4 (Mostly Fluent with occasional minor pauses, repetition, and stammering.)","[{""end"":15.17,""start"":0.6631693989071028,""labels"":[""4 (Good)""],""channel"":0}]","5 (Excellent Prosody, expressive and well-modulated tone, enhancing communication with effective pitch and rhythm variations.)"
"3 (Fair. Some noticeable pronunciation errors exist, requiring occasional listener effort for comprehension.)",1,fc73fa8c-ba24-455f-8089-25b039544b56---ba1d3b80-847d-47fb-aa10-497635abed4.wav,5 (Fluent without noticeable pauses or stammering.)                        ,"[{""end"":4.500000000000001,""start"":0,""labels"":[""4 (Good)""],""channel"":0},{""end"":5.625,""start"":4.5,""labels"":[""2 (Challenging to recognize but understandable)""],""channel"":0},{""end"":6.478021978021978,""start"":5.934065934065934,""labels"":[""2 (Challenging to recognize but understandable)""],""channel"":0},{""end"":7.392857142857143,""start"":6.663461538461538,""labels"":[""4 (Good)""],""channel"":0},{""end"":7.603021978021978,""start"":7.380494505494505,""labels"":[""3 (Somewhat inaccurate but quite understandable)""],""channel"":0},{""end"":8.740384615384615,""start"":7.627747252747253,""labels"":[""4 (Good)""],""channel"":0},{""end"":13.5,""start"":8.987637362637361,""labels"":[""4 (Good)""],""channel"":0}]","4 (Good Prosody, prosodic elements are generally well-controlled, with some variations in pitch and rhythm.)"
"4 (Good. Minor pronunciation errors may be present, but overall, the speaker's pronunciation is highly accurate and easily understandable.)",2,fc73fa8c-ba24-455f-8089-25b039544b56---ba1d3b80-847d-47fb-aa10-497635abed4.wav,5 (Fluent without noticeable pauses or stammering.)                        ,"[{""end"":5.438502673796791,""start"":4.223262032085561,""labels"":[""1 (Cannot recognize the word)""],""channel"":0},{""end"":4.199197860962567,""start"":0.012032085561497326,""labels"":[""4 (Good)""],""channel"":0},{""end"":8.77139037433155,""start"":5.859625668449198,""labels"":[""3 (Somewhat inaccurate but quite understandable)""],""channel"":0},{""end"":12.116310160427807,""start"":9,""labels"":[""4 (Good)""],""channel"":0},{""end"":12.802139037433156,""start"":12.188502673796792,""labels"":[""3 (Somewhat inaccurate but quite understandable)""],""channel"":0},{""end"":13.475935828877004,""start"":12.874331550802138,""labels"":[""4 (Good)""],""channel"":0}]","5 (Excellent Prosody, expressive and well-modulated tone, enhancing communication with effective pitch and rhythm variations.)"
"3 (Fair. Some noticeable pronunciation errors exist, requiring occasional listener effort for comprehension.)",3,fc73fa8c-ba24-455f-8089-25b039544b56---ba1d3b80-847d-47fb-aa10-497635abed4.wav,"4 (Mostly Fluent with occasional minor pauses, repetition, and stammering.)","[{""end"":6.827290076335879,""start"":2.8597328244274807,""labels"":[""3 (Somewhat inaccurate but quite understandable)""],""channel"":0}]","3 (Moderate Prosody, there are noticeable variations in pitch and rhythm, but they may not always align perfectly with the content.)"
5 (Excellent. The overall pronunciation of the sentence is nearly perfect with accurate articulation of all sounds.),5,fc73fa8c-ba24-455f-8089-25b039544b56---ba1d3b80-847d-47fb-aa10-497635abed4.wav,"4 (Mostly Fluent with occasional minor pauses, repetition, and stammering.)","[{""end"":13.485245901639344,""start"":0.014754098360655738,""labels"":[""4 (Good)""],""channel"":0}]","4 (Good Prosody, prosodic elements are generally well-controlled, with some variations in pitch and rhythm.)"
"4 (Good. Minor pronunciation errors may be present, but overall, the speaker's pronunciation is highly accurate and easily understandable.)",4,fc73fa8c-ba24-455f-8089-25b039544b56---ba1d3b80-847d-47fb-aa10-497635abed4.wav,"4 (Mostly Fluent with occasional minor pauses, repetition, and stammering.)","[{""end"":6.4743589743589745,""start"":5.794871794871796,""labels"":[""1 (Cannot recognize the word)""],""channel"":0},{""end"":12.85897435897436,""start"":12.307692307692308,""labels"":[""3 (Somewhat inaccurate but quite understandable)""],""channel"":0},{""end"":5.666666666666666,""start"":0,""labels"":[""4 (Good)""],""channel"":0},{""end"":8.692307692307692,""start"":6.6410256410256405,""labels"":[""4 (Good)""],""channel"":0},{""end"":12.243589743589745,""start"":9.051282051282051,""labels"":[""4 (Good)""],""channel"":0},{""end"":13.5,""start"":12.923076923076923,""labels"":[""4 (Good)""],""channel"":0}]","4 (Good Prosody, prosodic elements are generally well-controlled, with some variations in pitch and rhythm.)"
"4 (Good. Minor pronunciation errors may be present, but overall, the speaker's pronunciation is highly accurate and easily understandable.)",1,fc73fa8c-ba24-455f-8089-25b039544b56---10d4673f-aa62-4414-b15d-f0557863abd.wav,"4 (Mostly Fluent with occasional minor pauses, repetition, and stammering.)","[{""end"":3.490989010989011,""start"":0.013223443223443224,""labels"":[""4 (Good)""],""channel"":0},{""end"":3.715787545787545,""start"":3.4777655677655677,""labels"":[""3 (Somewhat inaccurate but quite understandable)""],""channel"":0},{""end"":10.67131868131868,""start"":9.864688644688645,""labels"":[""3 (Somewhat inaccurate but quite understandable)""],""channel"":0},{""end"":9.877912087912089,""start"":3.7422344322344316,""labels"":[""4 (Good)""],""channel"":0},{""end"":12.112673992673992,""start"":10.763882783882783,""labels"":[""4 (Good)""],""channel"":0},{""end"":14.40032967032967,""start"":12.165567765567765,""labels"":[""3 (Somewhat inaccurate but quite understandable)""],""channel"":0}]","5 (Excellent Prosody, expressive and well-modulated tone, enhancing communication with effective pitch and rhythm variations.)"
"4 (Good. Minor pronunciation errors may be present, but overall, the speaker's pronunciation is highly accurate and easily understandable.)",2,fc73fa8c-ba24-455f-8089-25b039544b56---10d4673f-aa62-4414-b15d-f0557863abd.wav,"4 (Mostly Fluent with occasional minor pauses, repetition, and stammering.)","[{""end"":6.602245989304812,""start"":0,""labels"":[""4 (Good)""],""channel"":0},{""end"":7.117040998217468,""start"":6.615115864527629,""labels"":[""2 (Challenging to recognize but understandable)""],""channel"":0},{""end"":9.330659536541887,""start"":7.168520499108735,""labels"":[""3 (Somewhat inaccurate but quite understandable)""],""channel"":0},{""end"":10.952263814616755,""start"":9.382139037433156,""labels"":[""2 (Challenging to recognize but understandable)""],""channel"":0},{""end"":13.410409982174688,""start"":11.04235294117647,""labels"":[""4 (Good)""],""channel"":0},{""end"":14.44,""start"":13.526238859180037,""labels"":[""3 (Somewhat inaccurate but quite understandable)""],""channel"":0}]","4 (Good Prosody, prosodic elements are generally well-controlled, with some variations in pitch and rhythm.)"
"3 (Fair. Some noticeable pronunciation errors exist, requiring occasional listener effort for comprehension.)",3,fc73fa8c-ba24-455f-8089-25b039544b56---10d4673f-aa62-4414-b15d-f0557863abd.wav,"4 (Mostly Fluent with occasional minor pauses, repetition, and stammering.)",,"3 (Moderate Prosody, there are noticeable variations in pitch and rhythm, but they may not always align perfectly with the content.)"
5 (Excellent. The overall pronunciation of the sentence is nearly perfect with accurate articulation of all sounds.),5,fc73fa8c-ba24-455f-8089-25b039544b56---10d4673f-aa62-4414-b15d-f0557863abd.wav,5 (Fluent without noticeable pauses or stammering.)                        ,"[{""end"":14.44,""start"":0.03156284153005464,""labels"":[""4 (Good)""],""channel"":0}]","4 (Good Prosody, prosodic elements are generally well-controlled, with some variations in pitch and rhythm.)"
"4 (Good. Minor pronunciation errors may be present, but overall, the speaker's pronunciation is highly accurate and easily understandable.)",4,fc73fa8c-ba24-455f-8089-25b039544b56---10d4673f-aa62-4414-b15d-f0557863abd.wav,5 (Fluent without noticeable pauses or stammering.)                        ,"[{""end"":10.364306498545101,""start"":9.874102812803104,""labels"":[""3 (Somewhat inaccurate but quite understandable)""],""channel"":0},{""end"":13.459592628516004,""start"":13.20748787584869,""labels"":[""3 (Somewhat inaccurate but quite understandable)""],""channel"":0},{""end"":6.918874878758487,""start"":6.372647914645975,""labels"":[""3 (Somewhat inaccurate but quite understandable)""],""channel"":0},{""end"":9.117788554801164,""start"":8.697613967022308,""labels"":[""3 (Somewhat inaccurate but quite understandable)""],""channel"":0},{""end"":6.358642095053346,""start"":0.02801163918525703,""labels"":[""4 (Good)""],""channel"":0},{""end"":8.68360814742968,""start"":6.960892337536372,""labels"":[""4 (Good)""],""channel"":0},{""end"":9.860096993210474,""start"":9.131794374393793,""labels"":[""4 (Good)""],""channel"":0},{""end"":13.179476236663433,""start"":10.434335596508244,""labels"":[""4 (Good)""],""channel"":0},{""end"":14.44,""start"":13.473598448108632,""labels"":[""4 (Good)""],""channel"":0}]","4 (Good Prosody, prosodic elements are generally well-controlled, with some variations in pitch and rhythm.)"
"3 (Fair. Some noticeable pronunciation errors exist, requiring occasional listener effort for comprehension.)",1,f353a88e-cfcb-44d7-a23b-f6c26c9ea908---a5d60c2b-f9fe-4e81-9e83-0c9e7678254.wav,2 (Not Very Fluent. Speech is characterized by intermittent disruptions and pauses. There are moments of hesitation that may affect the overall flow.),"[{""end"":2.8311355311355313,""start"":1.3795787545787546,""labels"":[""4 (Good)""],""channel"":0},{""end"":3.766849816849817,""start"":2.879120879120879,""labels"":[""2 (Challenging to recognize but understandable)""],""channel"":0},{""end"":4.714560439560439,""start"":3.7788461538461533,""labels"":[""3 (Somewhat inaccurate but quite understandable)""],""channel"":0},{""end"":6.358058608058608,""start"":4.786538461538461,""labels"":[""2 (Challenging to recognize but understandable)""],""channel"":0},{""end"":8.793315018315017,""start"":6.693956043956043,""labels"":[""3 (Somewhat inaccurate but quite understandable)""],""channel"":0},{""end"":11.192582417582416,""start"":8.82930402930403,""labels"":[""2 (Challenging to recognize but understandable)""],""channel"":0},{""end"":13.1,""start"":11.42051282051282,""labels"":[""3 (Somewhat inaccurate but quite understandable)""],""channel"":0}]","2 (Limited Prosody, speech may sound somewhat monotonous, impacting the overall expressiveness of the communication.)"
"3 (Fair. Some noticeable pronunciation errors exist, requiring occasional listener effort for comprehension.)",2,f353a88e-cfcb-44d7-a23b-f6c26c9ea908---a5d60c2b-f9fe-4e81-9e83-0c9e7678254.wav,2 (Not Very Fluent. Speech is characterized by intermittent disruptions and pauses. There are moments of hesitation that may affect the overall flow.),"[{""end"":6.479946524064171,""start"":5.359090909090909,""labels"":[""1 (Cannot recognize the word)""],""channel"":0},{""end"":4.0747771836007125,""start"":3.0122994652406416,""labels"":[""1 (Cannot recognize the word)""],""channel"":0},{""end"":5.300713012477718,""start"":4.121479500891265,""labels"":[""4 (Good)""],""channel"":0},{""end"":2.9072192513368984,""start"":0,""labels"":[""4 (Good)""],""channel"":0},{""end"":11.313636363636363,""start"":8.861764705882353,""labels"":[""2 (Challenging to recognize but understandable)""],""channel"":0},{""end"":8.721657754010694,""start"":6.5850267379679135,""labels"":[""4 (Good)""],""channel"":0},{""end"":13.1,""start"":11.52379679144385,""labels"":[""4 (Good)""],""channel"":0}]","3 (Moderate Prosody, there are noticeable variations in pitch and rhythm, but they may not always align perfectly with the content.)"
"3 (Fair. Some noticeable pronunciation errors exist, requiring occasional listener effort for comprehension.)",3,f353a88e-cfcb-44d7-a23b-f6c26c9ea908---a5d60c2b-f9fe-4e81-9e83-0c9e7678254.wav,"4 (Mostly Fluent with occasional minor pauses, repetition, and stammering.)","[{""end"":4.033333333333333,""start"":3.091666666666667,""labels"":[""3 (Somewhat inaccurate but quite understandable)""],""channel"":0}]","5 (Excellent Prosody, expressive and well-modulated tone, enhancing communication with effective pitch and rhythm variations.)"
5 (Excellent. The overall pronunciation of the sentence is nearly perfect with accurate articulation of all sounds.),4,f353a88e-cfcb-44d7-a23b-f6c26c9ea908---a5d60c2b-f9fe-4e81-9e83-0c9e7678254.wav,5 (Fluent without noticeable pauses or stammering.)                        ,"[{""end"":6.339121951219512,""start"":1.4441951219512195,""labels"":[""4 (Good)""],""channel"":0},{""end"":11.19570731707317,""start"":6.620292682926829,""labels"":[""4 (Good)""],""channel"":0},{""end"":13.1,""start"":11.476878048780488,""labels"":[""4 (Good)""],""channel"":0},{""end"":0.9840975609756097,""start"":0,""labels"":[""4 (Good)""],""channel"":0}]","4 (Good Prosody, prosodic elements are generally well-controlled, with some variations in pitch and rhythm.)"
"4 (Good. Minor pronunciation errors may be present, but overall, the speaker's pronunciation is highly accurate and easily understandable.)",5,f353a88e-cfcb-44d7-a23b-f6c26c9ea908---a5d60c2b-f9fe-4e81-9e83-0c9e7678254.wav,"4 (Mostly Fluent with occasional minor pauses, repetition, and stammering.)","[{""end"":11.210804701627486,""start"":8.835985533453888,""labels"":[""3 (Somewhat inaccurate but quite understandable)""],""channel"":0},{""end"":0.8646473779385171,""start"":0.02961121157323689,""labels"":[""4 (Good)""],""channel"":0},{""end"":2.43996383363472,""start"":1.3739602169981917,""labels"":[""4 (Good)""],""channel"":0},{""end"":3.0617992766726942,""start"":2.4518083182640145,""labels"":[""4 (Good)""],""channel"":0},{""end"":3.600723327305606,""start"":3.085488245931284,""labels"":[""3 (Somewhat inaccurate but quite understandable)""],""channel"":0},{""end"":3.99751356238698,""start"":3.6066455696202535,""labels"":[""4 (Good)""],""channel"":0},{""end"":4.637115732368897,""start"":4.003435804701628,""labels"":[""4 (Good)""],""channel"":0},{""end"":6.330877034358047,""start"":4.808860759493671,""labels"":[""4 (Good)""],""channel"":0},{""end"":7.1007685352622065,""start"":6.6388336347197106,""labels"":[""4 (Good)""],""channel"":0},{""end"":7.296202531645569,""start"":7.112613019891501,""labels"":[""4 (Good)""],""channel"":0},{""end"":7.752215189873417,""start"":7.355424954792043,""labels"":[""4 (Good)""],""channel"":0},{""end"":8.214150090415913,""start"":7.752215189873418,""labels"":[""4 (Good)""],""channel"":0},{""end"":8.705696202531644,""start"":8.24376130198915,""labels"":[""4 (Good)""],""channel"":0},{""end"":13.1,""start"":11.388471971066908,""labels"":[""4 (Good)""],""channel"":0}]","4 (Good Prosody, prosodic elements are generally well-controlled, with some variations in pitch and rhythm.)"
"3 (Fair. Some noticeable pronunciation errors exist, requiring occasional listener effort for comprehension.)",1,f1ab2663-fe7a-48d0-b504-043a718d8906---71e838e8-b508-4f2a-aa33-42a49b78eff.wav,2 (Not Very Fluent. Speech is characterized by intermittent disruptions and pauses. There are moments of hesitation that may affect the overall flow.),"[{""end"":4.642554945054944,""start"":2.194175824175824,""labels"":[""4 (Good)""],""channel"":0},{""end"":6.2881868131868135,""start"":4.629175824175824,""labels"":[""3 (Somewhat inaccurate but quite understandable)""],""channel"":0},{""end"":11.358873626373624,""start"":7.532445054945054,""labels"":[""4 (Good)""],""channel"":0},{""end"":14.61,""start"":11.42576923076923,""labels"":[""3 (Somewhat inaccurate but quite understandable)""],""channel"":0}]","3 (Moderate Prosody, there are noticeable variations in pitch and rhythm, but they may not always align perfectly with the content.)"
"4 (Good. Minor pronunciation errors may be present, but overall, the speaker's pronunciation is highly accurate and easily understandable.)",2,f1ab2663-fe7a-48d0-b504-043a718d8906---71e838e8-b508-4f2a-aa33-42a49b78eff.wav,5 (Fluent without noticeable pauses or stammering.)                        ,"[{""end"":11.49788770053476,""start"":10.638475935828877,""labels"":[""2 (Challenging to recognize but understandable)""],""channel"":0},{""end"":14.570935828877005,""start"":11.576016042780749,""labels"":[""4 (Good)""],""channel"":0},{""end"":3.2032620320855614,""start"":2.083422459893048,""labels"":[""Stress errors (the stress is incorrectly placed on different syllables)""],""channel"":0},{""end"":10.58639037433155,""start"":3.2553475935828873,""labels"":[""4 (Good)""],""channel"":0},{""end"":1.992272727272727,""start"":0.4557486631016042,""labels"":[""4 (Good)""],""channel"":0}]","4 (Good Prosody, prosodic elements are generally well-controlled, with some variations in pitch and rhythm.)"
"3 (Fair. Some noticeable pronunciation errors exist, requiring occasional listener effort for comprehension.)",3,f1ab2663-fe7a-48d0-b504-043a718d8906---71e838e8-b508-4f2a-aa33-42a49b78eff.wav,"3 (Moderately Fluent with noticeable hesitations, but the communication is still coherent.)",,"3 (Moderate Prosody, there are noticeable variations in pitch and rhythm, but they may not always align perfectly with the content.)"
"4 (Good. Minor pronunciation errors may be present, but overall, the speaker's pronunciation is highly accurate and easily understandable.)",4,f1ab2663-fe7a-48d0-b504-043a718d8906---71e838e8-b508-4f2a-aa33-42a49b78eff.wav,"4 (Mostly Fluent with occasional minor pauses, repetition, and stammering.)","[{""end"":14.61,""start"":14.011346341463414,""labels"":[""3 (Somewhat inaccurate but quite understandable)""],""channel"":0},{""end"":3.2925951219512193,""start"":2.594165853658536,""labels"":[""3 (Somewhat inaccurate but quite understandable)""],""channel"":0},{""end"":6.228848780487804,""start"":5.587434146341463,""labels"":[""3 (Somewhat inaccurate but quite understandable)""],""channel"":0},{""end"":13.997092682926828,""start"":13.469707317073171,""labels"":[""4 (Good)""],""channel"":0},{""end"":13.327170731707318,""start"":7.312126829268292,""labels"":[""4 (Good)""],""channel"":0},{""end"":6.984292682926829,""start"":6.27160975609756,""labels"":[""4 (Good)""],""channel"":0},{""end"":5.544673170731707,""start"":3.3353560975609757,""labels"":[""4 (Good)""],""channel"":0},{""end"":2.5656585365853655,""start"":2.1665560975609752,""labels"":[""4 (Good)""],""channel"":0},{""end"":2.038273170731707,""start"":1.211560975609756,""labels"":[""4 (Good)""],""channel"":0},{""end"":0.9122341463414634,""start"":0.4561170731707317,""labels"":[""4 (Good)""],""channel"":0}]","4 (Good Prosody, prosodic elements are generally well-controlled, with some variations in pitch and rhythm.)"
"3 (Fair. Some noticeable pronunciation errors exist, requiring occasional listener effort for comprehension.)",5,f1ab2663-fe7a-48d0-b504-043a718d8906---71e838e8-b508-4f2a-aa33-42a49b78eff.wav,"4 (Mostly Fluent with occasional minor pauses, repetition, and stammering.)","[{""end"":0.8586347197106691,""start"":0.4887613019891501,""labels"":[""4 (Good)""],""channel"":0},{""end"":1.7040596745027126,""start"":1.1492495479204339,""labels"":[""3 (Somewhat inaccurate but quite understandable)""],""channel"":0},{""end"":3.2892314647377936,""start"":2.575904159132007,""labels"":[""3 (Somewhat inaccurate but quite understandable)""],""channel"":0},{""end"":2.542879746835443,""start"":1.836157323688969,""labels"":[""4 (Good)""],""channel"":0},{""end"":5.541496383363472,""start"":3.3024412296564196,""labels"":[""4 (Good)""],""channel"":0},{""end"":6.2482188065099455,""start"":5.594335443037974,""labels"":[""4 (Good)""],""channel"":0},{""end"":10.851821880650993,""start"":7.364443942133816,""labels"":[""4 (Good)""],""channel"":0},{""end"":11.267929475587703,""start"":10.871636528028933,""labels"":[""3 (Somewhat inaccurate but quite understandable)""],""channel"":0},{""end"":14.61,""start"":13.513589511754068,""labels"":[""3 (Somewhat inaccurate but quite understandable)""],""channel"":0},{""end"":13.414516274864376,""start"":11.40002712477396,""labels"":[""4 (Good)""],""channel"":0}]","4 (Good Prosody, prosodic elements are generally well-controlled, with some variations in pitch and rhythm.)"
1 (Extremely Poor. Very few words are recognizable.),1,d13f6dbb-3a1f-4b05-b16d-9fa7b33763f7---74799c67-9cb5-4320-b72f-42dccfb8963.wav,2 (Not Very Fluent. Speech is characterized by intermittent disruptions and pauses. There are moments of hesitation that may affect the overall flow.),"[{""end"":2.448937728937729,""start"":1.104029304029304,""labels"":[""1 (Cannot recognize the word)""],""channel"":0},{""end"":6.453553113553114,""start"":3.292014652014652,""labels"":[""3 (Somewhat inaccurate but quite understandable)""],""channel"":0},{""end"":7.979120879120879,""start"":6.995531135531135,""labels"":[""2 (Challenging to recognize but understandable)""],""channel"":0},{""end"":8.601391941391942,""start"":8.0192673992674,""labels"":[""1 (Cannot recognize the word)""],""channel"":0},{""end"":9.504688644688645,""start"":8.671648351648352,""labels"":[""3 (Somewhat inaccurate but quite understandable)""],""channel"":0},{""end"":10.93992673992674,""start"":9.584981684981686,""labels"":[""2 (Challenging to recognize but understandable)""],""channel"":0}]","2 (Limited Prosody, speech may sound somewhat monotonous, impacting the overall expressiveness of the communication.)"
"4 (Good. Minor pronunciation errors may be present, but overall, the speaker's pronunciation is highly accurate and easily understandable.)",2,d13f6dbb-3a1f-4b05-b16d-9fa7b33763f7---74799c67-9cb5-4320-b72f-42dccfb8963.wav,"4 (Mostly Fluent with occasional minor pauses, repetition, and stammering.)","[{""end"":2.4616042780748666,""start"":1.4359358288770054,""labels"":[""2 (Challenging to recognize but understandable)""],""channel"":0},{""end"":1.4163992869875224,""start"":0,""labels"":[""4 (Good)""],""channel"":0},{""end"":8.60584670231729,""start"":7.961140819964351,""labels"":[""1 (Cannot recognize the word)""],""channel"":0},{""end"":7.912299465240642,""start"":7.023386809269163,""labels"":[""4 (Good)""],""channel"":0},{""end"":6.339607843137255,""start"":3.926844919786096,""labels"":[""4 (Good)""],""channel"":0},{""end"":3.9073083778966136,""start"":3.3407486631016043,""labels"":[""3 (Somewhat inaccurate but quite understandable)""],""channel"":0},{""end"":10.872085561497327,""start"":8.66445632798574,""labels"":[""4 (Good)""],""channel"":0}]","4 (Good Prosody, prosodic elements are generally well-controlled, with some variations in pitch and rhythm.)"
"2 (Poor. Pronunciation issues are more pronounced, demanding listener effort for understanding.)",3,d13f6dbb-3a1f-4b05-b16d-9fa7b33763f7---74799c67-9cb5-4320-b72f-42dccfb8963.wav,2 (Not Very Fluent. Speech is characterized by intermittent disruptions and pauses. There are moments of hesitation that may affect the overall flow.),"[{""end"":7.899287531806617,""start"":7.048702290076337,""labels"":[""3 (Somewhat inaccurate but quite understandable)""],""channel"":0}]","3 (Moderate Prosody, there are noticeable variations in pitch and rhythm, but they may not always align perfectly with the content.)"
"4 (Good. Minor pronunciation errors may be present, but overall, the speaker's pronunciation is highly accurate and easily understandable.)",4,d13f6dbb-3a1f-4b05-b16d-9fa7b33763f7---74799c67-9cb5-4320-b72f-42dccfb8963.wav,"3 (Moderately Fluent with noticeable hesitations, but the communication is still coherent.)","[{""end"":2.373775609756098,""start"":1.7215219512195123,""labels"":[""3 (Somewhat inaccurate but quite understandable)""],""channel"":0},{""end"":7.955356097560976,""start"":7.399336585365854,""labels"":[""3 (Somewhat inaccurate but quite understandable)""],""channel"":0},{""end"":10.853073170731708,""start"":8.030204878048782,""labels"":[""4 (Good)""],""channel"":0},{""end"":7.377951219512196,""start"":7.003707317073172,""labels"":[""4 (Good)""],""channel"":0},{""end"":6.340760975609756,""start"":3.3254243902439025,""labels"":[""4 (Good)""],""channel"":0},{""end"":1.7001365853658539,""start"":1.154809756097561,""labels"":[""4 (Good)""],""channel"":0},{""end"":0.48117073170731706,""start"":0,""labels"":[""4 (Good)""],""channel"":0}]","4 (Good Prosody, prosodic elements are generally well-controlled, with some variations in pitch and rhythm.)"
"4 (Good. Minor pronunciation errors may be present, but overall, the speaker's pronunciation is highly accurate and easily understandable.)",5,d13f6dbb-3a1f-4b05-b16d-9fa7b33763f7---74799c67-9cb5-4320-b72f-42dccfb8963.wav,"3 (Moderately Fluent with noticeable hesitations, but the communication is still coherent.)","[{""end"":0.43106690777576856,""start"":0.0049547920433996384,""labels"":[""4 (Good)""],""channel"":0},{""end"":2.3683905967450274,""start"":1.4715732368896928,""labels"":[""2 (Challenging to recognize but understandable)""],""channel"":0},{""end"":4.726871609403255,""start"":3.309801084990959,""labels"":[""4 (Good)""],""channel"":0},{""end"":5.043978300180832,""start"":4.756600361663653,""labels"":[""Stress errors (the stress is incorrectly placed on different syllables)""],""channel"":0},{""end"":6.342133815551538,""start"":5.2025316455696204,""labels"":[""4 (Good)""],""channel"":0},{""end"":7.897938517179025,""start"":7.392549728752261,""labels"":[""Stress errors (the stress is incorrectly placed on different syllables)""],""channel"":0},{""end"":7.367775768535264,""start"":7.025895117540688,""labels"":[""4 (Good)""],""channel"":0},{""end"":9.359602169981917,""start"":9.082133815551538,""labels"":[""Stress errors (the stress is incorrectly placed on different syllables)""],""channel"":0},{""end"":9.017721518987344,""start"":8.016853526220615,""labels"":[""4 (Good)""],""channel"":0},{""end"":10.96,""start"":9.572658227848102,""labels"":[""4 (Good)""],""channel"":0}]","3 (Moderate Prosody, there are noticeable variations in pitch and rhythm, but they may not always align perfectly with the content.)"
"2 (Poor. Pronunciation issues are more pronounced, demanding listener effort for understanding.)",1,d0c1b879-0160-4fde-ae4a-9934dc3df78b---9812ec6a-2d2f-4627-b15c-718c59d24e0.wav,"3 (Moderately Fluent with noticeable hesitations, but the communication is still coherent.)","[{""end"":2.273305860805861,""start"":0,""labels"":[""3 (Somewhat inaccurate but quite understandable)""],""channel"":0},{""end"":2.9153846153846152,""start"":2.273305860805861,""labels"":[""2 (Challenging to recognize but understandable)""],""channel"":0},{""end"":7.11492673992674,""start"":3.5748168498168496,""labels"":[""3 (Somewhat inaccurate but quite understandable)""],""channel"":0},{""end"":9.579120879120879,""start"":7.757005494505494,""labels"":[""3 (Somewhat inaccurate but quite understandable)""],""channel"":0},{""end"":10.915338827838827,""start"":9.579120879120879,""labels"":[""1 (Cannot recognize the word)""],""channel"":0},{""end"":18.95,""start"":10.967399267399268,""labels"":[""3 (Somewhat inaccurate but quite understandable)""],""channel"":0}]","2 (Limited Prosody, speech may sound somewhat monotonous, impacting the overall expressiveness of the communication.)"
"4 (Good. Minor pronunciation errors may be present, but overall, the speaker's pronunciation is highly accurate and easily understandable.)",2,d0c1b879-0160-4fde-ae4a-9934dc3df78b---9812ec6a-2d2f-4627-b15c-718c59d24e0.wav,5 (Fluent without noticeable pauses or stammering.)                        ,"[{""end"":2.972549019607843,""start"":1.94229055258467,""labels"":[""2 (Challenging to recognize but understandable)""],""channel"":0},{""end"":1.8916221033868093,""start"":0,""labels"":[""4 (Good)""],""channel"":0},{""end"":7.076693404634581,""start"":3.428565062388592,""labels"":[""4 (Good)""],""channel"":0},{""end"":10.995053475935828,""start"":9.576336898395722,""labels"":[""3 (Somewhat inaccurate but quite understandable)""],""channel"":0},{""end"":9.508778966131908,""start"":7.718493761140819,""labels"":[""4 (Good)""],""channel"":0},{""end"":18.91622103386809,""start"":11.079500891265598,""labels"":[""4 (Good)""],""channel"":0}]","3 (Moderate Prosody, there are noticeable variations in pitch and rhythm, but they may not always align perfectly with the content.)"
"3 (Fair. Some noticeable pronunciation errors exist, requiring occasional listener effort for comprehension.)",3,d0c1b879-0160-4fde-ae4a-9934dc3df78b---9812ec6a-2d2f-4627-b15c-718c59d24e0.wav,"3 (Moderately Fluent with noticeable hesitations, but the communication is still coherent.)","[{""end"":10.608142493638677,""start"":9.655820610687023,""labels"":[""3 (Somewhat inaccurate but quite understandable)""],""channel"":0}]","4 (Good Prosody, prosodic elements are generally well-controlled, with some variations in pitch and rhythm.)"
"4 (Good. Minor pronunciation errors may be present, but overall, the speaker's pronunciation is highly accurate and easily understandable.)",4,d0c1b879-0160-4fde-ae4a-9934dc3df78b---9812ec6a-2d2f-4627-b15c-718c59d24e0.wav,"4 (Mostly Fluent with occasional minor pauses, repetition, and stammering.)","[{""end"":2.847121951219512,""start"":2.200048780487805,""labels"":[""3 (Somewhat inaccurate but quite understandable)""],""channel"":0},{""end"":6.692585365853659,""start"":6.156439024390244,""labels"":[""3 (Somewhat inaccurate but quite understandable)""],""channel"":0},{""end"":10.168292682926829,""start"":9.72458536585366,""labels"":[""3 (Somewhat inaccurate but quite understandable)""],""channel"":0},{""end"":18.524780487804875,""start"":18.265951219512193,""labels"":[""Stress errors (the stress is incorrectly placed on different syllables)""],""channel"":0},{""end"":2.1630731707317072,""start"":0,""labels"":[""4 (Good)""],""channel"":0},{""end"":6.082487804878049,""start"":3.5866341463414635,""labels"":[""4 (Good)""],""channel"":0},{""end"":7.302682926829268,""start"":6.711073170731707,""labels"":[""4 (Good)""],""channel"":0},{""end"":9.706097560975609,""start"":7.7094146341463405,""labels"":[""4 (Good)""],""channel"":0},{""end"":13.680975609756096,""start"":10.186780487804878,""labels"":[""4 (Good)""],""channel"":0},{""end"":15.918,""start"":13.902829268292683,""labels"":[""4 (Good)""],""channel"":0},{""end"":17.304585365853658,""start"":16.102878048780486,""labels"":[""4 (Good)""],""channel"":0},{""end"":18.247463414634144,""start"":17.507951219512194,""labels"":[""4 (Good)""],""channel"":0},{""end"":18.95,""start"":18.580243902439022,""labels"":[""4 (Good)""],""channel"":0}]","4 (Good Prosody, prosodic elements are generally well-controlled, with some variations in pitch and rhythm.)"
"4 (Good. Minor pronunciation errors may be present, but overall, the speaker's pronunciation is highly accurate and easily understandable.)",5,d0c1b879-0160-4fde-ae4a-9934dc3df78b---9812ec6a-2d2f-4627-b15c-718c59d24e0.wav,"4 (Mostly Fluent with occasional minor pauses, repetition, and stammering.)","[{""end"":2.261663652802893,""start"":0.008566907775768535,""labels"":[""4 (Good)""],""channel"":0},{""end"":2.9470162748643762,""start"":2.2787974683544303,""labels"":[""Stress errors (the stress is incorrectly placed on different syllables)""],""channel"":0},{""end"":4.146383363471971,""start"":3.632368896925859,""labels"":[""4 (Good)""],""channel"":0},{""end"":4.780334538878843,""start"":4.163517179023508,""labels"":[""Stress errors (the stress is incorrectly placed on different syllables)""],""channel"":0},{""end"":7.093399638336347,""start"":5.182979204339963,""labels"":[""4 (Good)""],""channel"":0},{""end"":18.95,""start"":7.804452983725135,""labels"":[""4 (Good)""],""channel"":0}]","4 (Good Prosody, prosodic elements are generally well-controlled, with some variations in pitch and rhythm.)"
1 (Extremely Poor. Very few words are recognizable.),1,cbfa6fe0-f25d-4b44-816e-79938af0c780---540a6466-10c4-494e-9004-2a65e3ae33a.wav,"1 (Not Fluent. Communication is challenging, and the speaker may struggle to convey thoughts smoothly.)","[{""end"":1.2097802197802199,""start"":0.5438461538461539,""labels"":[""3 (Somewhat inaccurate but quite understandable)""],""channel"":0},{""end"":3.729230769230769,""start"":2.5305494505494504,""labels"":[""1 (Cannot recognize the word)""],""channel"":0},{""end"":7.380769230769229,""start"":4.85021978021978,""labels"":[""2 (Challenging to recognize but understandable)""],""channel"":0},{""end"":12.12,""start"":10.566153846153846,""labels"":[""2 (Challenging to recognize but understandable)""],""channel"":0}]","1 (Poor Prosody, speech sound robotic or monotonous.)"
"2 (Poor. Pronunciation issues are more pronounced, demanding listener effort for understanding.)",2,cbfa6fe0-f25d-4b44-816e-79938af0c780---540a6466-10c4-494e-9004-2a65e3ae33a.wav,2 (Not Very Fluent. Speech is characterized by intermittent disruptions and pauses. There are moments of hesitation that may affect the overall flow.),"[{""end"":3.6835294117647055,""start"":2.63572192513369,""labels"":[""1 (Cannot recognize the word)""],""channel"":0},{""end"":1.188235294117647,""start"":0.4320855614973262,""labels"":[""4 (Good)""],""channel"":0},{""end"":7.302245989304813,""start"":5.897967914438502,""labels"":[""2 (Challenging to recognize but understandable)""],""channel"":0},{""end"":5.865561497326203,""start"":4.806951871657754,""labels"":[""1 (Cannot recognize the word)""],""channel"":0},{""end"":12.109197860962565,""start"":10.553689839572192,""labels"":[""2 (Challenging to recognize but understandable)""],""channel"":0}]","2 (Limited Prosody, speech may sound somewhat monotonous, impacting the overall expressiveness of the communication.)"
"2 (Poor. Pronunciation issues are more pronounced, demanding listener effort for understanding.)",3,cbfa6fe0-f25d-4b44-816e-79938af0c780---540a6466-10c4-494e-9004-2a65e3ae33a.wav,"1 (Not Fluent. Communication is challenging, and the speaker may struggle to convey thoughts smoothly.)","[{""end"":12.073740458015267,""start"":11.40297709923664,""labels"":[""3 (Somewhat inaccurate but quite understandable)""],""channel"":0}]","2 (Limited Prosody, speech may sound somewhat monotonous, impacting the overall expressiveness of the communication.)"
"3 (Fair. Some noticeable pronunciation errors exist, requiring occasional listener effort for comprehension.)",4,cbfa6fe0-f25d-4b44-816e-79938af0c780---540a6466-10c4-494e-9004-2a65e3ae33a.wav,"1 (Not Fluent. Communication is challenging, and the speaker may struggle to convey thoughts smoothly.)","[{""end"":3.2635317073170733,""start"":2.991570731707317,""labels"":[""1 (Cannot recognize the word)""],""channel"":0},{""end"":5.67570731707317,""start"":5.155434146341464,""labels"":[""3 (Somewhat inaccurate but quite understandable)""],""channel"":0},{""end"":1.2060878048780488,""start"":0.5320975609756097,""labels"":[""4 (Good)""],""channel"":0},{""end"":2.8733268292682923,""start"":2.6368390243902438,""labels"":[""4 (Good)""],""channel"":0},{""end"":3.677385365853658,""start"":3.3226536585365856,""labels"":[""4 (Good)""],""channel"":0},{""end"":5.131785365853658,""start"":4.918946341463415,""labels"":[""4 (Good)""],""channel"":0},{""end"":6.420643902439024,""start"":5.699356097560975,""labels"":[""4 (Good)""],""channel"":0},{""end"":7.366595121951219,""start"":6.550712195121951,""labels"":[""4 (Good)""],""channel"":0},{""end"":12.12,""start"":10.606478048780486,""labels"":[""4 (Good)""],""channel"":0}]","1 (Poor Prosody, speech sound robotic or monotonous.)"
"3 (Fair. Some noticeable pronunciation errors exist, requiring occasional listener effort for comprehension.)",5,cbfa6fe0-f25d-4b44-816e-79938af0c780---540a6466-10c4-494e-9004-2a65e3ae33a.wav,2 (Not Very Fluent. Speech is characterized by intermittent disruptions and pauses. There are moments of hesitation that may affect the overall flow.),"[{""end"":1.0739240506329113,""start"":0.6410669077757685,""labels"":[""4 (Good)""],""channel"":0},{""end"":3.5176491862567807,""start"":2.6738517179023504,""labels"":[""1 (Cannot recognize the word)""],""channel"":0},{""end"":5.89014466546112,""start"":4.964159132007233,""labels"":[""3 (Somewhat inaccurate but quite understandable)""],""channel"":0},{""end"":6.438065099457504,""start"":5.966853526220614,""labels"":[""1 (Cannot recognize the word)""],""channel"":0},{""end"":7.270904159132007,""start"":6.5860036166365274,""labels"":[""3 (Somewhat inaccurate but quite understandable)""],""channel"":0},{""end"":11.13374321880651,""start"":10.580343580470162,""labels"":[""4 (Good)""],""channel"":0},{""end"":12.12,""start"":11.4077034358047,""labels"":[""4 (Good)""],""channel"":0}]","3 (Moderate Prosody, there are noticeable variations in pitch and rhythm, but they may not always align perfectly with the content.)"
"3 (Fair. Some noticeable pronunciation errors exist, requiring occasional listener effort for comprehension.)",1,c5010521-415b-4f54-9e81-f38e27054d9c---4b7206e4-78b0-4aba-83b0-5c7da1c0552.wav,"3 (Moderately Fluent with noticeable hesitations, but the communication is still coherent.)","[{""end"":2.7547802197802196,""start"":0.9348351648351648,""labels"":[""4 (Good)""],""channel"":0},{""end"":3.2619780219780217,""start"":2.784615384615384,""labels"":[""2 (Challenging to recognize but understandable)""],""channel"":0},{""end"":3.938241758241758,""start"":3.2918131868131866,""labels"":[""4 (Good)""],""channel"":0},{""end"":5.827802197802197,""start"":4.1172527472527465,""labels"":[""4 (Good)""],""channel"":0},{""end"":6.454340659340659,""start"":5.827802197802197,""labels"":[""3 (Somewhat inaccurate but quite understandable)""],""channel"":0},{""end"":8.741703296703296,""start"":6.444395604395604,""labels"":[""4 (Good)""],""channel"":0},{""end"":10.86,""start"":9.12956043956044,""labels"":[""3 (Somewhat inaccurate but quite understandable)""],""channel"":0}]","2 (Limited Prosody, speech may sound somewhat monotonous, impacting the overall expressiveness of the communication.)"
"4 (Good. Minor pronunciation errors may be present, but overall, the speaker's pronunciation is highly accurate and easily understandable.)",2,c5010521-415b-4f54-9e81-f38e27054d9c---4b7206e4-78b0-4aba-83b0-5c7da1c0552.wav,5 (Fluent without noticeable pauses or stammering.)                        ,"[{""end"":3.2521925133689837,""start"":2.72951871657754,""labels"":[""3 (Somewhat inaccurate but quite understandable)""],""channel"":0},{""end"":2.652085561497326,""start"":0.9485561497326203,""labels"":[""4 (Good)""],""channel"":0},{""end"":9.979197860962566,""start"":9.485561497326202,""labels"":[""2 (Challenging to recognize but understandable)""],""channel"":0},{""end"":8.759625668449198,""start"":3.310267379679144,""labels"":[""4 (Good)""],""channel"":0},{""end"":9.427486631016041,""start"":9.088716577540106,""labels"":[""4 (Good)""],""channel"":0},{""end"":10.86,""start"":10.0275935828877,""labels"":[""4 (Good)""],""channel"":0}]","5 (Excellent Prosody, expressive and well-modulated tone, enhancing communication with effective pitch and rhythm variations.)"
"3 (Fair. Some noticeable pronunciation errors exist, requiring occasional listener effort for comprehension.)",3,c5010521-415b-4f54-9e81-f38e27054d9c---4b7206e4-78b0-4aba-83b0-5c7da1c0552.wav,"3 (Moderately Fluent with noticeable hesitations, but the communication is still coherent.)",,"2 (Limited Prosody, speech may sound somewhat monotonous, impacting the overall expressiveness of the communication.)"
"4 (Good. Minor pronunciation errors may be present, but overall, the speaker's pronunciation is highly accurate and easily understandable.)",4,c5010521-415b-4f54-9e81-f38e27054d9c---4b7206e4-78b0-4aba-83b0-5c7da1c0552.wav,"4 (Mostly Fluent with occasional minor pauses, repetition, and stammering.)","[{""end"":2.616995121951219,""start"":0.9429658536585365,""labels"":[""4 (Good)""],""channel"":0},{""end"":8.740975609756097,""start"":2.7865170731707316,""labels"":[""4 (Good)""],""channel"":0},{""end"":10.838809756097561,""start"":9.175375609756097,""labels"":[""4 (Good)""],""channel"":0}]","4 (Good Prosody, prosodic elements are generally well-controlled, with some variations in pitch and rhythm.)"
"4 (Good. Minor pronunciation errors may be present, but overall, the speaker's pronunciation is highly accurate and easily understandable.)",5,c5010521-415b-4f54-9e81-f38e27054d9c---4b7206e4-78b0-4aba-83b0-5c7da1c0552.wav,"4 (Mostly Fluent with occasional minor pauses, repetition, and stammering.)","[{""end"":2.6069891500904157,""start"":1.0261030741410488,""labels"":[""4 (Good)""],""channel"":0},{""end"":3.196139240506329,""start"":2.7788245931283906,""labels"":[""3 (Somewhat inaccurate but quite understandable)""],""channel"":0},{""end"":3.8982097649186254,""start"":3.289421338155515,""labels"":[""4 (Good)""],""channel"":0},{""end"":8.621229656419528,""start"":4.178056057866184,""labels"":[""4 (Good)""],""channel"":0},{""end"":10.86,""start"":9.146555153707052,""labels"":[""4 (Good)""],""channel"":0}]","4 (Good Prosody, prosodic elements are generally well-controlled, with some variations in pitch and rhythm.)"
"2 (Poor. Pronunciation issues are more pronounced, demanding listener effort for understanding.)",1,bf99dc97-fa1c-47be-8334-617d99367edd---d118f4b4-7f39-4195-b77d-fe00ac8201d.wav,2 (Not Very Fluent. Speech is characterized by intermittent disruptions and pauses. There are moments of hesitation that may affect the overall flow.),"[{""end"":1.0812545787545789,""start"":0.4873260073260073,""labels"":[""1 (Cannot recognize the word)""],""channel"":0},{""end"":4.187957875457875,""start"":2.1625091575091577,""labels"":[""3 (Somewhat inaccurate but quite understandable)""],""channel"":0},{""end"":5.056007326007325,""start"":4.203186813186813,""labels"":[""1 (Cannot recognize the word)""],""channel"":0},{""end"":6.898708791208791,""start"":5.116923076923077,""labels"":[""2 (Challenging to recognize but understandable)""],""channel"":0},{""end"":8.04087912087912,""start"":6.9596245421245415,""labels"":[""1 (Cannot recognize the word)""],""channel"":0},{""end"":9.213507326007326,""start"":8.315,""labels"":[""2 (Challenging to recognize but understandable)""],""channel"":0},{""end"":10.675485347985347,""start"":9.502857142857142,""labels"":[""2 (Challenging to recognize but understandable)""],""channel"":0},{""end"":16.61477106227106,""start"":11.695824175824177,""labels"":[""2 (Challenging to recognize but understandable)""],""channel"":0}]","1 (Poor Prosody, speech sound robotic or monotonous.)"
"3 (Fair. Some noticeable pronunciation errors exist, requiring occasional listener effort for comprehension.)",2,bf99dc97-fa1c-47be-8334-617d99367edd---d118f4b4-7f39-4195-b77d-fe00ac8201d.wav,"4 (Mostly Fluent with occasional minor pauses, repetition, and stammering.)","[{""end"":4.965285204991087,""start"":3.290427807486631,""labels"":[""1 (Cannot recognize the word)""],""channel"":0},{""end"":3.26078431372549,""start"":2.208440285204991,""labels"":[""4 (Good)""],""channel"":0},{""end"":1.333957219251337,""start"":0,""labels"":[""1 (Cannot recognize the word)""],""channel"":0},{""end"":9.204304812834224,""start"":8.226069518716576,""labels"":[""2 (Challenging to recognize but understandable)""],""channel"":0},{""end"":8.048208556149731,""start"":5.039393939393939,""labels"":[""4 (Good)""],""channel"":0},{""end"":14.510490196078429,""start"":11.531319073083777,""labels"":[""4 (Good)""],""channel"":0},{""end"":10.701301247771836,""start"":9.515561497326201,""labels"":[""4 (Good)""],""channel"":0},{""end"":16.555891265597147,""start"":14.614242424242423,""labels"":[""2 (Challenging to recognize but understandable)""],""channel"":0}]","3 (Moderate Prosody, there are noticeable variations in pitch and rhythm, but they may not always align perfectly with the content.)"
"2 (Poor. Pronunciation issues are more pronounced, demanding listener effort for understanding.)",3,bf99dc97-fa1c-47be-8334-617d99367edd---d118f4b4-7f39-4195-b77d-fe00ac8201d.wav,2 (Not Very Fluent. Speech is characterized by intermittent disruptions and pauses. There are moments of hesitation that may affect the overall flow.),"[{""end"":10.324987277353689,""start"":9.531571246819336,""labels"":[""2 (Challenging to recognize but understandable)""],""channel"":0},{""end"":10.504828244274808,""start"":9.753727735368956,""labels"":[""2 (Challenging to recognize but understandable)""],""channel"":0},{""end"":10.705826972010177,""start"":9.415203562340967,""labels"":[""2 (Challenging to recognize but understandable)""],""channel"":0}]","1 (Poor Prosody, speech sound robotic or monotonous.)"
"2 (Poor. Pronunciation issues are more pronounced, demanding listener effort for understanding.)",4,bf99dc97-fa1c-47be-8334-617d99367edd---d118f4b4-7f39-4195-b77d-fe00ac8201d.wav,2 (Not Very Fluent. Speech is characterized by intermittent disruptions and pauses. There are moments of hesitation that may affect the overall flow.),"[{""end"":1.1357073170731709,""start"":0,""labels"":[""1 (Cannot recognize the word)""],""channel"":0},{""end"":4.575278048780488,""start"":4.137219512195122,""labels"":[""1 (Cannot recognize the word)""],""channel"":0},{""end"":7.982399999999999,""start"":7.446995121951219,""labels"":[""3 (Somewhat inaccurate but quite understandable)""],""channel"":0},{""end"":10.626975609756098,""start"":10.140243902439023,""labels"":[""1 (Cannot recognize the word)""],""channel"":0},{""end"":15.186029268292682,""start"":14.24501463414634,""labels"":[""1 (Cannot recognize the word)""],""channel"":0},{""end"":16.63,""start"":15.2996,""labels"":[""4 (Good)""],""channel"":0},{""end"":14.05032195121951,""start"":11.71400975609756,""labels"":[""4 (Good)""],""channel"":0},{""end"":9.10188292682927,""start"":8.241990243902437,""labels"":[""4 (Good)""],""channel"":0},{""end"":10.140243902439023,""start"":9.507492682926827,""labels"":[""4 (Good)""],""channel"":0},{""end"":7.430770731707317,""start"":4.59150243902439,""labels"":[""4 (Good)""],""channel"":0},{""end"":4.1209951219512195,""start"":2.190292682926829,""labels"":[""4 (Good)""],""channel"":0}]","2 (Limited Prosody, speech may sound somewhat monotonous, impacting the overall expressiveness of the communication.)"
"4 (Good. Minor pronunciation errors may be present, but overall, the speaker's pronunciation is highly accurate and easily understandable.)",5,bf99dc97-fa1c-47be-8334-617d99367edd---d118f4b4-7f39-4195-b77d-fe00ac8201d.wav,"3 (Moderately Fluent with noticeable hesitations, but the communication is still coherent.)","[{""end"":1.2780741410488246,""start"":0.5112296564195298,""labels"":[""Stress errors (the stress is incorrectly placed on different syllables)""],""channel"":0},{""end"":3.300438517179023,""start"":2.2554249547920433,""labels"":[""4 (Good)""],""channel"":0},{""end"":3.834222423146474,""start"":3.3530650994575044,""labels"":[""Stress errors (the stress is incorrectly placed on different syllables)""],""channel"":0},{""end"":4.916826401446654,""start"":3.8642947558770344,""labels"":[""3 (Somewhat inaccurate but quite understandable)""],""channel"":0},{""end"":7.954132007233273,""start"":4.961934900542495,""labels"":[""4 (Good)""],""channel"":0},{""end"":9.157025316455696,""start"":8.269891500904158,""labels"":[""Stress errors (the stress is incorrectly placed on different syllables)""],""channel"":0},{""end"":10.600497287522604,""start"":9.495339059674503,""labels"":[""Stress errors (the stress is incorrectly placed on different syllables)""],""channel"":0},{""end"":12.855922242314646,""start"":11.713173598553345,""labels"":[""4 (Good)""],""channel"":0},{""end"":13.412260397830018,""start"":12.931103074141049,""labels"":[""3 (Somewhat inaccurate but quite understandable)""],""channel"":0},{""end"":15.923300180831825,""start"":13.457368896925857,""labels"":[""4 (Good)""],""channel"":0},{""end"":16.614963833634718,""start"":15.983444846292947,""labels"":[""2 (Challenging to recognize but understandable)""],""channel"":0}]","2 (Limited Prosody, speech may sound somewhat monotonous, impacting the overall expressiveness of the communication.)"
"2 (Poor. Pronunciation issues are more pronounced, demanding listener effort for understanding.)",1,bf99dc97-fa1c-47be-8334-617d99367edd---4da44554-c753-440d-bd47-872668f81a5.wav,"3 (Moderately Fluent with noticeable hesitations, but the communication is still coherent.)","[{""end"":0.9009523809523808,""start"":0.14666666666666667,""labels"":[""2 (Challenging to recognize but understandable)""],""channel"":0},{""end"":2.137142857142857,""start"":0.9533333333333333,""labels"":[""3 (Somewhat inaccurate but quite understandable)""],""channel"":0},{""end"":4.1066666666666665,""start"":2.6085714285714285,""labels"":[""2 (Challenging to recognize but understandable)""],""channel"":0},{""end"":6.547619047619047,""start"":4.735238095238095,""labels"":[""3 (Somewhat inaccurate but quite understandable)""],""channel"":0},{""end"":7.343809523809524,""start"":6.579047619047619,""labels"":[""2 (Challenging to recognize but understandable)""],""channel"":0},{""end"":9.166666666666666,""start"":7.4590476190476185,""labels"":[""3 (Somewhat inaccurate but quite understandable)""],""channel"":0},{""end"":10.360952380952378,""start"":9.491428571428571,""labels"":[""1 (Cannot recognize the word)""],""channel"":0},{""end"":11.44,""start"":10.36095238095238,""labels"":[""2 (Challenging to recognize but understandable)""],""channel"":0}]","1 (Poor Prosody, speech sound robotic or monotonous.)"
"2 (Poor. Pronunciation issues are more pronounced, demanding listener effort for understanding.)",2,bf99dc97-fa1c-47be-8334-617d99367edd---4da44554-c753-440d-bd47-872668f81a5.wav,2 (Not Very Fluent. Speech is characterized by intermittent disruptions and pauses. There are moments of hesitation that may affect the overall flow.),"[{""end"":7.330980392156863,""start"":6.515294117647058,""labels"":[""2 (Challenging to recognize but understandable)""],""channel"":0},{""end"":11.44,""start"":8.513725490196078,""labels"":[""1 (Cannot recognize the word)""],""channel"":0},{""end"":4.170196078431372,""start"":2.6203921568627453,""labels"":[""Stress errors (the stress is incorrectly placed on different syllables)""],""channel"":0},{""end"":2.100392156862745,""start"":0,""labels"":[""3 (Somewhat inaccurate but quite understandable)""],""channel"":0},{""end"":6.474509803921568,""start"":4.68,""labels"":[""3 (Somewhat inaccurate but quite understandable)""],""channel"":0},{""end"":8.452549019607844,""start"":7.453333333333333,""labels"":[""4 (Good)""],""channel"":0}]","2 (Limited Prosody, speech may sound somewhat monotonous, impacting the overall expressiveness of the communication.)"
"2 (Poor. Pronunciation issues are more pronounced, demanding listener effort for understanding.)",3,bf99dc97-fa1c-47be-8334-617d99367edd---4da44554-c753-440d-bd47-872668f81a5.wav,"3 (Moderately Fluent with noticeable hesitations, but the communication is still coherent.)",,"1 (Poor Prosody, speech sound robotic or monotonous.)"
"3 (Fair. Some noticeable pronunciation errors exist, requiring occasional listener effort for comprehension.)",4,bf99dc97-fa1c-47be-8334-617d99367edd---4da44554-c753-440d-bd47-872668f81a5.wav,"3 (Moderately Fluent with noticeable hesitations, but the communication is still coherent.)","[{""end"":0.7366243902439025,""start"":0.345990243902439,""labels"":[""3 (Somewhat inaccurate but quite understandable)""],""channel"":0},{""end"":6.328273170731707,""start"":6.038087804878049,""labels"":[""3 (Somewhat inaccurate but quite understandable)""],""channel"":0},{""end"":11.44,""start"":10.971239024390243,""labels"":[""1 (Cannot recognize the word)""],""channel"":0},{""end"":10.814985365853657,""start"":9.576117073170732,""labels"":[""4 (Good)""],""channel"":0},{""end"":9.107356097560976,""start"":8.09170731707317,""labels"":[""4 (Good)""],""channel"":0},{""end"":8.002419512195122,""start"":6.339434146341464,""labels"":[""4 (Good)""],""channel"":0},{""end"":5.982282926829268,""start"":5.60280975609756,""labels"":[""4 (Good)""],""channel"":0},{""end"":5.524682926829268,""start"":4.709931707317073,""labels"":[""4 (Good)""],""channel"":0},{""end"":4.140721951219512,""start"":2.6563121951219513,""labels"":[""4 (Good)""],""channel"":0},{""end"":2.08710243902439,""start"":0.9710048780487806,""labels"":[""4 (Good)""],""channel"":0},{""end"":0.345990243902439,""start"":0.05580487804878049,""labels"":[""4 (Good)""],""channel"":0}]","2 (Limited Prosody, speech may sound somewhat monotonous, impacting the overall expressiveness of the communication.)"
"4 (Good. Minor pronunciation errors may be present, but overall, the speaker's pronunciation is highly accurate and easily understandable.)",5,bf99dc97-fa1c-47be-8334-617d99367edd---4da44554-c753-440d-bd47-872668f81a5.wav,"4 (Mostly Fluent with occasional minor pauses, repetition, and stammering.)","[{""end"":0.8636889692585895,""start"":0.32582278481012655,""labels"":[""Stress errors (the stress is incorrectly placed on different syllables)""],""channel"":0},{""end"":0.3206509945750452,""start"":0,""labels"":[""4 (Good)""],""channel"":0},{""end"":2.0273417721518987,""start"":1.0188426763110308,""labels"":[""4 (Good)""],""channel"":0},{""end"":5.280397830018083,""start"":2.637613019891501,""labels"":[""4 (Good)""],""channel"":0},{""end"":7.5249547920434,""start"":6.81641952983725,""labels"":[""Stress errors (the stress is incorrectly placed on different syllables)""],""channel"":0},{""end"":6.738842676311031,""start"":5.559674502712477,""labels"":[""4 (Good)""],""channel"":0},{""end"":9.102350813743218,""start"":7.540470162748643,""labels"":[""4 (Good)""],""channel"":0},{""end"":10.348752260397829,""start"":9.52643761301989,""labels"":[""3 (Somewhat inaccurate but quite understandable)""],""channel"":0},{""end"":11.44,""start"":10.364267631103074,""labels"":[""4 (Good)""],""channel"":0}]","2 (Limited Prosody, speech may sound somewhat monotonous, impacting the overall expressiveness of the communication.)"
"2 (Poor. Pronunciation issues are more pronounced, demanding listener effort for understanding.)",1,bcee2ca5-8483-408a-93e3-50528f6da939---24ee06c2-5293-49ee-9e5e-fbad25b241f.wav,"1 (Not Fluent. Communication is challenging, and the speaker may struggle to convey thoughts smoothly.)","[{""end"":1.611172161172161,""start"":0,""labels"":[""2 (Challenging to recognize but understandable)""],""channel"":0},{""end"":4.748717948717948,""start"":3.3749816849816847,""labels"":[""3 (Somewhat inaccurate but quite understandable)""],""channel"":0},{""end"":6.868681318681319,""start"":5.57974358974359,""labels"":[""2 (Challenging to recognize but understandable)""],""channel"":0},{""end"":9.26,""start"":7.190915750915751,""labels"":[""3 (Somewhat inaccurate but quite understandable)""],""channel"":0},{""end"":10.854212454212455,""start"":9.463516483516482,""labels"":[""2 (Challenging to recognize but understandable)""],""channel"":0},{""end"":11.82091575091575,""start"":11.006849816849817,""labels"":[""3 (Somewhat inaccurate but quite understandable)""],""channel"":0},{""end"":16.315238095238094,""start"":12.804578754578754,""labels"":[""1 (Cannot recognize the word)""],""channel"":0},{""end"":17.027545787545787,""start"":16.484835164835165,""labels"":[""2 (Challenging to recognize but understandable)""],""channel"":0},{""end"":18.52,""start"":17.604175824175822,""labels"":[""2 (Challenging to recognize but understandable)""],""channel"":0}]","1 (Poor Prosody, speech sound robotic or monotonous.)"
"3 (Fair. Some noticeable pronunciation errors exist, requiring occasional listener effort for comprehension.)",2,bcee2ca5-8483-408a-93e3-50528f6da939---24ee06c2-5293-49ee-9e5e-fbad25b241f.wav,"1 (Not Fluent. Communication is challenging, and the speaker may struggle to convey thoughts smoothly.)","[{""end"":10.233868092691623,""start"":9.44156862745098,""labels"":[""2 (Challenging to recognize but understandable)""],""channel"":0},{""end"":9.045418894830659,""start"":8.220106951871658,""labels"":[""4 (Good)""],""channel"":0},{""end"":7.823957219251337,""start"":7.147201426024956,""labels"":[""4 (Good)""],""channel"":0},{""end"":6.800570409982174,""start"":5.562602495543672,""labels"":[""3 (Somewhat inaccurate but quite understandable)""],""channel"":0},{""end"":4.65475935828877,""start"":2.9711229946524065,""labels"":[""3 (Somewhat inaccurate but quite understandable)""],""channel"":0},{""end"":1.7331550802139037,""start"":0,""labels"":[""3 (Somewhat inaccurate but quite understandable)""],""channel"":0},{""end"":16.341176470588234,""start"":14.508983957219252,""labels"":[""1 (Cannot recognize the word)""],""channel"":0},{""end"":18.52,""start"":16.423707664884137,""labels"":[""3 (Somewhat inaccurate but quite understandable)""],""channel"":0},{""end"":14.37693404634581,""start"":10.349411764705883,""labels"":[""4 (Good)""],""channel"":0}]","3 (Moderate Prosody, there are noticeable variations in pitch and rhythm, but they may not always align perfectly with the content.)"
"3 (Fair. Some noticeable pronunciation errors exist, requiring occasional listener effort for comprehension.)",3,bcee2ca5-8483-408a-93e3-50528f6da939---24ee06c2-5293-49ee-9e5e-fbad25b241f.wav,2 (Not Very Fluent. Speech is characterized by intermittent disruptions and pauses. There are moments of hesitation that may affect the overall flow.),"[{""end"":6.73882951653944,""start"":5.7256488549618325,""labels"":[""2 (Challenging to recognize but understandable)""],""channel"":0},{""end"":15.244834605597964,""start"":13.819312977099237,""labels"":[""2 (Challenging to recognize but understandable)""],""channel"":0}]","2 (Limited Prosody, speech may sound somewhat monotonous, impacting the overall expressiveness of the communication.)"
"3 (Fair. Some noticeable pronunciation errors exist, requiring occasional listener effort for comprehension.)",4,bcee2ca5-8483-408a-93e3-50528f6da939---24ee06c2-5293-49ee-9e5e-fbad25b241f.wav,2 (Not Very Fluent. Speech is characterized by intermittent disruptions and pauses. There are moments of hesitation that may affect the overall flow.),"[{""end"":6.793678048780487,""start"":6.287765853658537,""labels"":[""2 (Challenging to recognize but understandable)""],""channel"":0},{""end"":11.617912195121951,""start"":11.310751219512195,""labels"":[""3 (Somewhat inaccurate but quite understandable)""],""channel"":0},{""end"":16.116917073170733,""start"":15.683278048780487,""labels"":[""3 (Somewhat inaccurate but quite understandable)""],""channel"":0},{""end"":17.002263414634147,""start"":16.35180487804878,""labels"":[""4 (Good)""],""channel"":0},{""end"":18.52,""start"":17.670790243902438,""labels"":[""4 (Good)""],""channel"":0},{""end"":15.66520975609756,""start"":15.26770731707317,""labels"":[""4 (Good)""],""channel"":0},{""end"":15.159297560975608,""start"":12.846556097560974,""labels"":[""4 (Good)""],""channel"":0},{""end"":11.27461463414634,""start"":7.281521951219513,""labels"":[""4 (Good)""],""channel"":0},{""end"":6.233560975609756,""start"":5.691512195121951,""labels"":[""4 (Good)""],""channel"":0},{""end"":4.643551219512195,""start"":2.981268292682927,""labels"":[""4 (Good)""],""channel"":0},{""end"":1.680351219512195,""start"":0.8311414634146341,""labels"":[""4 (Good)""],""channel"":0},{""end"":0.5781853658536585,""start"":0.054204878048780485,""labels"":[""4 (Good)""],""channel"":0}]","2 (Limited Prosody, speech may sound somewhat monotonous, impacting the overall expressiveness of the communication.)"
"3 (Fair. Some noticeable pronunciation errors exist, requiring occasional listener effort for comprehension.)",5,bcee2ca5-8483-408a-93e3-50528f6da939---24ee06c2-5293-49ee-9e5e-fbad25b241f.wav,"3 (Moderately Fluent with noticeable hesitations, but the communication is still coherent.)","[{""end"":0.5944484629294755,""start"":0,""labels"":[""4 (Good)""],""channel"":0},{""end"":1.5237974683544302,""start"":0.8707414104882459,""labels"":[""4 (Good)""],""channel"":0},{""end"":4.5295298372513555,""start"":3.46622061482821,""labels"":[""Stress errors (the stress is incorrectly placed on different syllables)""],""channel"":0},{""end"":6.76499095840868,""start"":5.6514466546112105,""labels"":[""3 (Somewhat inaccurate but quite understandable)""],""channel"":0},{""end"":7.8199276672694396,""start"":7.217106690777576,""labels"":[""4 (Good)""],""channel"":0},{""end"":8.992079566003616,""start"":8.422748643761302,""labels"":[""4 (Good)""],""channel"":0},{""end"":11.286148282097649,""start"":9.494430379746834,""labels"":[""4 (Good)""],""channel"":0},{""end"":11.69640144665461,""start"":11.31126582278481,""labels"":[""4 (Good)""],""channel"":0},{""end"":13.161591320072333,""start"":12.885298372513562,""labels"":[""4 (Good)""],""channel"":0},{""end"":14.2751356238698,""start"":13.730922242314646,""labels"":[""4 (Good)""],""channel"":0},{""end"":16.175696202531643,""start"":14.64352622061483,""labels"":[""2 (Challenging to recognize but understandable)""],""channel"":0},{""end"":16.920849909584085,""start"":16.376636528028932,""labels"":[""4 (Good)""],""channel"":0},{""end"":18.52,""start"":17.7497287522604,""labels"":[""2 (Challenging to recognize but understandable)""],""channel"":0}]","3 (Moderate Prosody, there are noticeable variations in pitch and rhythm, but they may not always align perfectly with the content.)"
1 (Extremely Poor. Very few words are recognizable.),1,bcee2ca5-8483-408a-93e3-50528f6da939---5fbdf9ec-5c7d-4536-b58f-012c983929f.wav,"1 (Not Fluent. Communication is challenging, and the speaker may struggle to convey thoughts smoothly.)","[{""end"":0.45336080586080585,""start"":0,""labels"":[""2 (Challenging to recognize but understandable)""],""channel"":0},{""end"":1.3747069597069597,""start"":0.48260989010989014,""labels"":[""3 (Somewhat inaccurate but quite understandable)""],""channel"":0},{""end"":2.076684981684982,""start"":1.4039560439560441,""labels"":[""1 (Cannot recognize the word)""],""channel"":0},{""end"":3.5683882783882788,""start"":2.091309523809524,""labels"":[""2 (Challenging to recognize but understandable)""],""channel"":0},{""end"":4.606730769230769,""start"":3.597637362637363,""labels"":[""1 (Cannot recognize the word)""],""channel"":0},{""end"":7.824130036630037,""start"":7.034404761904762,""labels"":[""2 (Challenging to recognize but understandable)""],""channel"":0},{""end"":8.482234432234433,""start"":7.85337912087912,""labels"":[""1 (Cannot recognize the word)""],""channel"":0},{""end"":11.187774725274725,""start"":9.213461538461537,""labels"":[""1 (Cannot recognize the word)""],""channel"":0},{""end"":12.489358974358975,""start"":11.699633699633699,""labels"":[""2 (Challenging to recognize but understandable)""],""channel"":0},{""end"":15.955375457875459,""start"":12.767225274725275,""labels"":[""2 (Challenging to recognize but understandable)""],""channel"":0}]","1 (Poor Prosody, speech sound robotic or monotonous.)"
"2 (Poor. Pronunciation issues are more pronounced, demanding listener effort for understanding.)",2,bcee2ca5-8483-408a-93e3-50528f6da939---5fbdf9ec-5c7d-4536-b58f-012c983929f.wav,2 (Not Very Fluent. Speech is characterized by intermittent disruptions and pauses. There are moments of hesitation that may affect the overall flow.),"[{""end"":4.611657754010695,""start"":1.394884135472371,""labels"":[""3 (Somewhat inaccurate but quite understandable)""],""channel"":0},{""end"":1.195614973262032,""start"":0,""labels"":[""4 (Good)""],""channel"":0},{""end"":8.454705882352942,""start"":6.945953654188949,""labels"":[""1 (Cannot recognize the word)""],""channel"":0},{""end"":13.721105169340465,""start"":9.166381461675579,""labels"":[""3 (Somewhat inaccurate but quite understandable)""],""channel"":0},{""end"":15.172923351158646,""start"":14.418547237076648,""labels"":[""3 (Somewhat inaccurate but quite understandable)""],""channel"":0},{""end"":14.37584670231729,""start"":13.778039215686276,""labels"":[""1 (Cannot recognize the word)""],""channel"":0},{""end"":15.97,""start"":15.443360071301248,""labels"":[""1 (Cannot recognize the word)""],""channel"":0}]","3 (Moderate Prosody, there are noticeable variations in pitch and rhythm, but they may not always align perfectly with the content.)"
"2 (Poor. Pronunciation issues are more pronounced, demanding listener effort for understanding.)",3,bcee2ca5-8483-408a-93e3-50528f6da939---5fbdf9ec-5c7d-4536-b58f-012c983929f.wav,"1 (Not Fluent. Communication is challenging, and the speaker may struggle to convey thoughts smoothly.)","[{""end"":4.50045165394402,""start"":2.1537150127226465,""labels"":[""2 (Challenging to recognize but understandable)""],""channel"":0},{""end"":8.340566157760815,""start"":7.852932569974555,""labels"":[""2 (Challenging to recognize but understandable)""],""channel"":0}]","2 (Limited Prosody, speech may sound somewhat monotonous, impacting the overall expressiveness of the communication.)"
"2 (Poor. Pronunciation issues are more pronounced, demanding listener effort for understanding.)",4,bcee2ca5-8483-408a-93e3-50528f6da939---5fbdf9ec-5c7d-4536-b58f-012c983929f.wav,2 (Not Very Fluent. Speech is characterized by intermittent disruptions and pauses. There are moments of hesitation that may affect the overall flow.),"[{""end"":1.9888837638376387,""start"":1.429049815498155,""labels"":[""3 (Somewhat inaccurate but quite understandable)""],""channel"":0},{""end"":4.095627306273063,""start"":3.624188191881919,""labels"":[""2 (Challenging to recognize but understandable)""],""channel"":0},{""end"":11.226143911439115,""start"":10.460055350553507,""labels"":[""2 (Challenging to recognize but understandable)""],""channel"":0},{""end"":14.305230627306274,""start"":13.774861623616237,""labels"":[""1 (Cannot recognize the word)""],""channel"":0},{""end"":15.071319188191882,""start"":14.393625461254612,""labels"":[""4 (Good)""],""channel"":0},{""end"":15.97,""start"":15.616420664206641,""labels"":[""4 (Good)""],""channel"":0},{""end"":13.657001845018451,""start"":12.773053505535056,""labels"":[""4 (Good)""],""channel"":0},{""end"":12.404741697416975,""start"":11.727047970479706,""labels"":[""4 (Good)""],""channel"":0},{""end"":10.29799815498155,""start"":9.325654981549816,""labels"":[""4 (Good)""],""channel"":0},{""end"":8.368044280442804,""start"":7.101051660516605,""labels"":[""4 (Good)""],""channel"":0},{""end"":4.6112638376383766,""start"":4.139824723247233,""labels"":[""4 (Good)""],""channel"":0},{""end"":3.565258302583026,""start"":2.0625461254612545,""labels"":[""4 (Good)""],""channel"":0},{""end"":1.2227952029520297,""start"":0,""labels"":[""4 (Good)""],""channel"":0}]","2 (Limited Prosody, speech may sound somewhat monotonous, impacting the overall expressiveness of the communication.)"
"4 (Good. Minor pronunciation errors may be present, but overall, the speaker's pronunciation is highly accurate and easily understandable.)",5,bcee2ca5-8483-408a-93e3-50528f6da939---5fbdf9ec-5c7d-4536-b58f-012c983929f.wav,"3 (Moderately Fluent with noticeable hesitations, but the communication is still coherent.)","[{""end"":1.1695931283905967,""start"":0.476500904159132,""labels"":[""4 (Good)""],""channel"":0},{""end"":2.0070795660036165,""start"":1.4728209764918627,""labels"":[""3 (Somewhat inaccurate but quite understandable)""],""channel"":0},{""end"":2.2814285714285716,""start"":2.0648372513562387,""labels"":[""4 (Good)""],""channel"":0},{""end"":2.6857323688969257,""start"":2.31752712477396,""labels"":[""4 (Good)""],""channel"":0},{""end"":2.9312025316455697,""start"":2.743490054249548,""labels"":[""4 (Good)""],""channel"":0},{""end"":3.5881962025316456,""start"":3.364385171790235,""labels"":[""4 (Good)""],""channel"":0},{""end"":4.533978300180832,""start"":3.8408860759493675,""labels"":[""3 (Somewhat inaccurate but quite understandable)""],""channel"":0},{""end"":3.783128390596745,""start"":3.6170750452079568,""labels"":[""4 (Good)""],""channel"":0},{""end"":3.2921880650994577,""start"":2.9745207956600366,""labels"":[""4 (Good)""],""channel"":0},{""end"":7.746749547920436,""start"":7.0753164556962025,""labels"":[""3 (Somewhat inaccurate but quite understandable)""],""channel"":0},{""end"":8.360424954792043,""start"":7.818946654611212,""labels"":[""3 (Somewhat inaccurate but quite understandable)""],""channel"":0},{""end"":11.33494575045208,""start"":9.21235081374322,""labels"":[""4 (Good)""],""channel"":0},{""end"":12.345705244122966,""start"":11.695931283905967,""labels"":[""3 (Somewhat inaccurate but quite understandable)""],""channel"":0},{""end"":13.760768535262207,""start"":12.742789330922243,""labels"":[""3 (Somewhat inaccurate but quite understandable)""],""channel"":0},{""end"":15.97,""start"":15.594575045207957,""labels"":[""4 (Good)""],""channel"":0},{""end"":15.125293851717903,""start"":13.789647377938518,""labels"":[""1 (Cannot recognize the word)""],""channel"":0}]","3 (Moderate Prosody, there are noticeable variations in pitch and rhythm, but they may not always align perfectly with the content.)"
"4 (Good. Minor pronunciation errors may be present, but overall, the speaker's pronunciation is highly accurate and easily understandable.)",1,b5607279-05ef-42d4-bccd-95d666e21ea7---2abe4804-7a52-4433-a68a-d02b15452dd.wav,"4 (Mostly Fluent with occasional minor pauses, repetition, and stammering.)","[{""end"":2.74989010989011,""start"":0.01347985347985348,""labels"":[""4 (Good)""],""channel"":0},{""end"":6.578168498168498,""start"":3.1812454212454213,""labels"":[""4 (Good)""],""channel"":0},{""end"":6.955604395604395,""start"":6.605128205128206,""labels"":[""3 (Somewhat inaccurate but quite understandable)""],""channel"":0},{""end"":7.993553113553113,""start"":6.969084249084249,""labels"":[""4 (Good)""],""channel"":0},{""end"":11.390476190476193,""start"":8.546227106227107,""labels"":[""4 (Good)""],""channel"":0},{""end"":11.916190476190478,""start"":11.417435897435897,""labels"":[""3 (Somewhat inaccurate but quite understandable)""],""channel"":0},{""end"":14.706520146520146,""start"":12.037509157509158,""labels"":[""4 (Good)""],""channel"":0}]","4 (Good Prosody, prosodic elements are generally well-controlled, with some variations in pitch and rhythm.)"
5 (Excellent. The overall pronunciation of the sentence is nearly perfect with accurate articulation of all sounds.),2,b5607279-05ef-42d4-bccd-95d666e21ea7---2abe4804-7a52-4433-a68a-d02b15452dd.wav,5 (Fluent without noticeable pauses or stammering.)                        ,"[{""end"":2.7550802139037436,""start"":0,""labels"":[""4 (Good)""],""channel"":0},{""end"":7.989732620320855,""start"":3.1224242424242425,""labels"":[""4 (Good)""],""channel"":0},{""end"":11.912442067736187,""start"":8.540748663101605,""labels"":[""4 (Good)""],""channel"":0},{""end"":14.037789661319072,""start"":12.043636363636365,""labels"":[""4 (Good)""],""channel"":0},{""end"":14.72,""start"":14.326417112299467,""labels"":[""4 (Good)""],""channel"":0}]","4 (Good Prosody, prosodic elements are generally well-controlled, with some variations in pitch and rhythm.)"
"3 (Fair. Some noticeable pronunciation errors exist, requiring occasional listener effort for comprehension.)",3,b5607279-05ef-42d4-bccd-95d666e21ea7---2abe4804-7a52-4433-a68a-d02b15452dd.wav,"3 (Moderately Fluent with noticeable hesitations, but the communication is still coherent.)",,"3 (Moderate Prosody, there are noticeable variations in pitch and rhythm, but they may not always align perfectly with the content.)"
5 (Excellent. The overall pronunciation of the sentence is nearly perfect with accurate articulation of all sounds.),4,b5607279-05ef-42d4-bccd-95d666e21ea7---2abe4804-7a52-4433-a68a-d02b15452dd.wav,5 (Fluent without noticeable pauses or stammering.)                        ,"[{""end"":2.7566051660516604,""start"":0,""labels"":[""4 (Good)""],""channel"":0},{""end"":7.903173431734318,""start"":3.1639852398523987,""labels"":[""4 (Good)""],""channel"":0},{""end"":11.433800738007381,""start"":8.595719557195572,""labels"":[""4 (Good)""],""channel"":0},{""end"":11.976974169741698,""start"":11.474538745387456,""labels"":[""4 (Good)""],""channel"":0},{""end"":13.945977859778598,""start"":12.09918819188192,""labels"":[""4 (Good)""],""channel"":0},{""end"":14.72,""start"":14.25830258302583,""labels"":[""4 (Good)""],""channel"":0}]","4 (Good Prosody, prosodic elements are generally well-controlled, with some variations in pitch and rhythm.)"
5 (Excellent. The overall pronunciation of the sentence is nearly perfect with accurate articulation of all sounds.),5,b5607279-05ef-42d4-bccd-95d666e21ea7---2abe4804-7a52-4433-a68a-d02b15452dd.wav,5 (Fluent without noticeable pauses or stammering.)                        ,"[{""end"":2.8548282097649187,""start"":0.013309222423146473,""labels"":[""4 (Good)""],""channel"":0},{""end"":7.9589150090415925,""start"":3.0744303797468358,""labels"":[""4 (Good)""],""channel"":0},{""end"":11.905099457504521,""start"":8.53121157323689,""labels"":[""4 (Good)""],""channel"":0},{""end"":14.72,""start"":12.051500904159132,""labels"":[""4 (Good)""],""channel"":0}]","4 (Good Prosody, prosodic elements are generally well-controlled, with some variations in pitch and rhythm.)"
"4 (Good. Minor pronunciation errors may be present, but overall, the speaker's pronunciation is highly accurate and easily understandable.)",1,b256e636-2314-4978-bfa5-e0872b6a45b0---4f46f92a-b043-40d6-a015-ca3e4235ea4.wav,"4 (Mostly Fluent with occasional minor pauses, repetition, and stammering.)","[{""end"":0.6126373626373627,""start"":0,""labels"":[""3 (Somewhat inaccurate but quite understandable)""],""channel"":0},{""end"":3.4062637362637362,""start"":0.6493956043956044,""labels"":[""4 (Good)""],""channel"":0},{""end"":3.9943956043956046,""start"":3.4307692307692306,""labels"":[""3 (Somewhat inaccurate but quite understandable)""],""channel"":0},{""end"":4.59478021978022,""start"":4.018901098901099,""labels"":[""4 (Good)""],""channel"":0},{""end"":5.881318681318682,""start"":4.81532967032967,""labels"":[""4 (Good)""],""channel"":0},{""end"":6.19989010989011,""start"":5.954835164835165,""labels"":[""3 (Somewhat inaccurate but quite understandable)""],""channel"":0},{""end"":7.327142857142858,""start"":6.236648351648352,""labels"":[""4 (Good)""],""channel"":0},{""end"":7.596703296703297,""start"":7.3639010989011,""labels"":[""3 (Somewhat inaccurate but quite understandable)""],""channel"":0},{""end"":8.527912087912087,""start"":8.001043956043956,""labels"":[""3 (Somewhat inaccurate but quite understandable)""],""channel"":0},{""end"":9.152802197802199,""start"":8.56467032967033,""labels"":[""4 (Good)""],""channel"":0},{""end"":9.483626373626375,""start"":9.201813186813187,""labels"":[""3 (Somewhat inaccurate but quite understandable)""],""channel"":0},{""end"":10.2678021978022,""start"":9.495879120879122,""labels"":[""4 (Good)""],""channel"":0},{""end"":10.623131868131868,""start"":10.292307692307693,""labels"":[""3 (Somewhat inaccurate but quite understandable)""],""channel"":0},{""end"":12.816373626373625,""start"":10.806923076923077,""labels"":[""3 (Somewhat inaccurate but quite understandable)""],""channel"":0},{""end"":13.367747252747254,""start"":12.840879120879123,""labels"":[""4 (Good)""],""channel"":0}]","4 (Good Prosody, prosodic elements are generally well-controlled, with some variations in pitch and rhythm.)"
"4 (Good. Minor pronunciation errors may be present, but overall, the speaker's pronunciation is highly accurate and easily understandable.)",2,b256e636-2314-4978-bfa5-e0872b6a45b0---4f46f92a-b043-40d6-a015-ca3e4235ea4.wav,"4 (Mostly Fluent with occasional minor pauses, repetition, and stammering.)","[{""end"":4.555401069518717,""start"":1.3356149732620322,""labels"":[""4 (Good)""],""channel"":0},{""end"":1.2640641711229947,""start"":0,""labels"":[""3 (Somewhat inaccurate but quite understandable)""],""channel"":0},{""end"":6.4634224598930485,""start"":5.688288770053476,""labels"":[""Stress errors (the stress is incorrectly placed on different syllables)""],""channel"":0},{""end"":5.616737967914439,""start"":4.817754010695187,""labels"":[""4 (Good)""],""channel"":0},{""end"":10.792245989304813,""start"":8.001764705882353,""labels"":[""4 (Good)""],""channel"":0},{""end"":7.679786096256685,""start"":6.511122994652407,""labels"":[""4 (Good)""],""channel"":0},{""end"":13.35614973262032,""start"":10.85187165775401,""labels"":[""4 (Good)""],""channel"":0}]","4 (Good Prosody, prosodic elements are generally well-controlled, with some variations in pitch and rhythm.)"
"3 (Fair. Some noticeable pronunciation errors exist, requiring occasional listener effort for comprehension.)",3,b256e636-2314-4978-bfa5-e0872b6a45b0---4f46f92a-b043-40d6-a015-ca3e4235ea4.wav,"3 (Moderately Fluent with noticeable hesitations, but the communication is still coherent.)","[{""end"":10.664847328244274,""start"":9.226412213740458,""labels"":[""3 (Somewhat inaccurate but quite understandable)""],""channel"":0}]","4 (Good Prosody, prosodic elements are generally well-controlled, with some variations in pitch and rhythm.)"
"4 (Good. Minor pronunciation errors may be present, but overall, the speaker's pronunciation is highly accurate and easily understandable.)",4,b256e636-2314-4978-bfa5-e0872b6a45b0---4f46f92a-b043-40d6-a015-ca3e4235ea4.wav,5 (Fluent without noticeable pauses or stammering.)                        ,"[{""end"":13.38,""start"":0.04937269372693727,""labels"":[""4 (Good)""],""channel"":0}]","5 (Excellent Prosody, expressive and well-modulated tone, enhancing communication with effective pitch and rhythm variations.)"
"4 (Good. Minor pronunciation errors may be present, but overall, the speaker's pronunciation is highly accurate and easily understandable.)",5,b256e636-2314-4978-bfa5-e0872b6a45b0---4f46f92a-b043-40d6-a015-ca3e4235ea4.wav,5 (Fluent without noticeable pauses or stammering.)                        ,"[{""end"":7.609421338155516,""start"":7.034783001808318,""labels"":[""3 (Somewhat inaccurate but quite understandable)""],""channel"":0},{""end"":10.694321880650994,""start"":10.283001808318264,""labels"":[""3 (Somewhat inaccurate but quite understandable)""],""channel"":0},{""end"":6.99244122965642,""start"":0.024195298372513562,""labels"":[""4 (Good)""],""channel"":0},{""end"":10.258806509945751,""start"":7.972350813743219,""labels"":[""4 (Good)""],""channel"":0},{""end"":13.38,""start"":10.815298372513562,""labels"":[""4 (Good)""],""channel"":0}]","4 (Good Prosody, prosodic elements are generally well-controlled, with some variations in pitch and rhythm.)"
5 (Excellent. The overall pronunciation of the sentence is nearly perfect with accurate articulation of all sounds.),1,b7fc44a4-a030-48d0-9199-b08957ce298e---ab535313-53da-4106-8a87-689302f4007.wav,"4 (Mostly Fluent with occasional minor pauses, repetition, and stammering.)","[{""end"":4.397838827838828,""start"":0,""labels"":[""4 (Good)""],""channel"":0},{""end"":4.830210622710623,""start"":4.422545787545787,""labels"":[""3 (Somewhat inaccurate but quite understandable)""],""channel"":0},{""end"":6.893241758241758,""start"":5.176108058608059,""labels"":[""4 (Good)""],""channel"":0},{""end"":8.140943223443223,""start"":7.288553113553113,""labels"":[""4 (Good)""],""channel"":0},{""end"":11.748159340659342,""start"":8.53625457875458,""labels"":[""4 (Good)""],""channel"":0},{""end"":12.489368131868133,""start"":12.069349816849817,""labels"":[""2 (Challenging to recognize but understandable)""],""channel"":0},{""end"":13.49,""start"":12.501721611721612,""labels"":[""4 (Good)""],""channel"":0}]","4 (Good Prosody, prosodic elements are generally well-controlled, with some variations in pitch and rhythm.)"
5 (Excellent. The overall pronunciation of the sentence is nearly perfect with accurate articulation of all sounds.),2,b7fc44a4-a030-48d0-9199-b08957ce298e---ab535313-53da-4106-8a87-689302f4007.wav,"4 (Mostly Fluent with occasional minor pauses, repetition, and stammering.)","[{""end"":4.713083778966132,""start"":3.498743315508021,""labels"":[""3 (Somewhat inaccurate but quite understandable)""],""channel"":0},{""end"":3.2101871657754013,""start"":0,""labels"":[""4 (Good)""],""channel"":0},{""end"":6.877254901960785,""start"":5.133894830659537,""labels"":[""4 (Good)""],""channel"":0},{""end"":8.127664884135473,""start"":7.286042780748664,""labels"":[""4 (Good)""],""channel"":0},{""end"":11.57831550802139,""start"":8.28396613190731,""labels"":[""4 (Good)""],""channel"":0},{""end"":13.453930481283422,""start"":11.999126559714796,""labels"":[""4 (Good)""],""channel"":0}]","5 (Excellent Prosody, expressive and well-modulated tone, enhancing communication with effective pitch and rhythm variations.)"
"4 (Good. Minor pronunciation errors may be present, but overall, the speaker's pronunciation is highly accurate and easily understandable.)",3,b7fc44a4-a030-48d0-9199-b08957ce298e---ab535313-53da-4106-8a87-689302f4007.wav,"4 (Mostly Fluent with occasional minor pauses, repetition, and stammering.)",,"4 (Good Prosody, prosodic elements are generally well-controlled, with some variations in pitch and rhythm.)"
5 (Excellent. The overall pronunciation of the sentence is nearly perfect with accurate articulation of all sounds.),4,b7fc44a4-a030-48d0-9199-b08957ce298e---ab535313-53da-4106-8a87-689302f4007.wav,"4 (Mostly Fluent with occasional minor pauses, repetition, and stammering.)","[{""end"":13.465110701107012,""start"":0.04977859778597786,""labels"":[""4 (Good)""],""channel"":0}]","5 (Excellent Prosody, expressive and well-modulated tone, enhancing communication with effective pitch and rhythm variations.)"
5 (Excellent. The overall pronunciation of the sentence is nearly perfect with accurate articulation of all sounds.),5,b7fc44a4-a030-48d0-9199-b08957ce298e---ab535313-53da-4106-8a87-689302f4007.wav,"4 (Mostly Fluent with occasional minor pauses, repetition, and stammering.)","[{""end"":1.6588065099457505,""start"":0.23784358047016277,""labels"":[""4 (Good)""],""channel"":0},{""end"":4.653196202531646,""start"":4.195804701627487,""labels"":[""3 (Somewhat inaccurate but quite understandable)""],""channel"":0},{""end"":4.1714104882459315,""start"":1.707594936708861,""labels"":[""4 (Good)""],""channel"":0},{""end"":13.49,""start"":5.183770343580471,""labels"":[""4 (Good)""],""channel"":0}]","5 (Excellent Prosody, expressive and well-modulated tone, enhancing communication with effective pitch and rhythm variations.)"
"4 (Good. Minor pronunciation errors may be present, but overall, the speaker's pronunciation is highly accurate and easily understandable.)",1,a45d15c7-a59c-41ca-8b97-e452bf5967c3---fdfcc07f-b7b3-4f7c-be04-859818c4849.wav,"4 (Mostly Fluent with occasional minor pauses, repetition, and stammering.)","[{""end"":4.7287912087912085,""start"":2.5882967032967032,""labels"":[""4 (Good)""],""channel"":0},{""end"":5.033296703296703,""start"":4.719835164835165,""labels"":[""3 (Somewhat inaccurate but quite understandable)""],""channel"":0},{""end"":6.779725274725274,""start"":5.91098901098901,""labels"":[""3 (Somewhat inaccurate but quite understandable)""],""channel"":0},{""end"":8.472417582417583,""start"":7.3708241758241755,""labels"":[""4 (Good)""],""channel"":0},{""end"":9.78,""start"":8.579890109890108,""labels"":[""4 (Good)""],""channel"":0}]","4 (Good Prosody, prosodic elements are generally well-controlled, with some variations in pitch and rhythm.)"
"4 (Good. Minor pronunciation errors may be present, but overall, the speaker's pronunciation is highly accurate and easily understandable.)",2,a45d15c7-a59c-41ca-8b97-e452bf5967c3---fdfcc07f-b7b3-4f7c-be04-859818c4849.wav,5 (Fluent without noticeable pauses or stammering.)                        ,"[{""end"":6.886096256684492,""start"":5.8139572192513365,""labels"":[""4 (Good)""],""channel"":0},{""end"":9.762566844919785,""start"":7.269625668449197,""labels"":[""4 (Good)""],""channel"":0},{""end"":1.4033689839572192,""start"":0.9675401069518716,""labels"":[""1 (Cannot recognize the word)""],""channel"":0},{""end"":5.073048128342245,""start"":1.5951336898395723,""labels"":[""4 (Good)""],""channel"":0}]","5 (Excellent Prosody, expressive and well-modulated tone, enhancing communication with effective pitch and rhythm variations.)"
"3 (Fair. Some noticeable pronunciation errors exist, requiring occasional listener effort for comprehension.)",3,a45d15c7-a59c-41ca-8b97-e452bf5967c3---fdfcc07f-b7b3-4f7c-be04-859818c4849.wav,"3 (Moderately Fluent with noticeable hesitations, but the communication is still coherent.)","[{""end"":6.712862595419847,""start"":5.91030534351145,""labels"":[""2 (Challenging to recognize but understandable)""],""channel"":0}]","3 (Moderate Prosody, there are noticeable variations in pitch and rhythm, but they may not always align perfectly with the content.)"
"4 (Good. Minor pronunciation errors may be present, but overall, the speaker's pronunciation is highly accurate and easily understandable.)",4,a45d15c7-a59c-41ca-8b97-e452bf5967c3---fdfcc07f-b7b3-4f7c-be04-859818c4849.wav,"4 (Mostly Fluent with occasional minor pauses, repetition, and stammering.)","[{""end"":5.061420664206642,""start"":4.4840036900369,""labels"":[""3 (Somewhat inaccurate but quite understandable)""],""channel"":0},{""end"":6.658339483394833,""start"":5.927546125461253,""labels"":[""3 (Somewhat inaccurate but quite understandable)""],""channel"":0},{""end"":9.78,""start"":7.389132841328413,""labels"":[""4 (Good)""],""channel"":0},{""end"":4.465959409594095,""start"":3.5817896678966785,""labels"":[""4 (Good)""],""channel"":0},{""end"":3.4735239852398525,""start"":2.5893542435424353,""labels"":[""4 (Good)""],""channel"":0},{""end"":2.535221402214022,""start"":2.192380073800738,""labels"":[""4 (Good)""],""channel"":0},{""end"":2.066070110701107,""start"":1.0285239852398524,""labels"":[""4 (Good)""],""channel"":0}]","5 (Excellent Prosody, expressive and well-modulated tone, enhancing communication with effective pitch and rhythm variations.)"
5 (Excellent. The overall pronunciation of the sentence is nearly perfect with accurate articulation of all sounds.),5,a45d15c7-a59c-41ca-8b97-e452bf5967c3---fdfcc07f-b7b3-4f7c-be04-859818c4849.wav,"4 (Mostly Fluent with occasional minor pauses, repetition, and stammering.)","[{""end"":9.78,""start"":7.361528028933091,""labels"":[""4 (Good)""],""channel"":0},{""end"":6.738119349005425,""start"":5.880379746835443,""labels"":[""4 (Good)""],""channel"":0},{""end"":2.051500904159132,""start"":1.6049457504520794,""labels"":[""4 (Good)""],""channel"":0},{""end"":3.4663291139240506,""start"":2.2460397830018084,""labels"":[""4 (Good)""],""channel"":0},{""end"":4.987269439421338,""start"":3.5945479204339965,""labels"":[""4 (Good)""],""channel"":0}]","4 (Good Prosody, prosodic elements are generally well-controlled, with some variations in pitch and rhythm.)"
"2 (Poor. Pronunciation issues are more pronounced, demanding listener effort for understanding.)",1,06128238-26e2-4ffc-b124-a44c27aade61---5e1919a8-72ea-4585-935a-270bdc9c490.wav,2 (Not Very Fluent. Speech is characterized by intermittent disruptions and pauses. There are moments of hesitation that may affect the overall flow.),"[{""end"":2.1234065934065938,""start"":0,""labels"":[""3 (Somewhat inaccurate but quite understandable)""],""channel"":0},{""end"":2.6201098901098905,""start"":2.135824175824176,""labels"":[""2 (Challenging to recognize but understandable)""],""channel"":0},{""end"":4.904945054945055,""start"":3.1043956043956045,""labels"":[""3 (Somewhat inaccurate but quite understandable)""],""channel"":0},{""end"":5.786593406593407,""start"":5.178131868131868,""labels"":[""3 (Somewhat inaccurate but quite understandable)""],""channel"":0},{""end"":7.5126373626373635,""start"":6.46956043956044,""labels"":[""3 (Somewhat inaccurate but quite understandable)""],""channel"":0},{""end"":7.860329670329671,""start"":7.5126373626373635,""labels"":[""1 (Cannot recognize the word)""],""channel"":0},{""end"":8.99032967032967,""start"":7.897582417582418,""labels"":[""3 (Somewhat inaccurate but quite understandable)""],""channel"":0},{""end"":9.698131868131869,""start"":9.114505494505496,""labels"":[""3 (Somewhat inaccurate but quite understandable)""],""channel"":0},{""end"":10.443186813186815,""start"":9.71054945054945,""labels"":[""2 (Challenging to recognize but understandable)""],""channel"":0},{""end"":13.013626373626375,""start"":11.573186813186814,""labels"":[""3 (Somewhat inaccurate but quite understandable)""],""channel"":0}]","3 (Moderate Prosody, there are noticeable variations in pitch and rhythm, but they may not always align perfectly with the content.)"
"3 (Fair. Some noticeable pronunciation errors exist, requiring occasional listener effort for comprehension.)",2,06128238-26e2-4ffc-b124-a44c27aade61---5e1919a8-72ea-4585-935a-270bdc9c490.wav,"4 (Mostly Fluent with occasional minor pauses, repetition, and stammering.)","[{""end"":3.758609625668449,""start"":2.6950802139037435,""labels"":[""3 (Somewhat inaccurate but quite understandable)""],""channel"":0},{""end"":2.6346524064171124,""start"":0,""labels"":[""4 (Good)""],""channel"":0},{""end"":8.399465240641712,""start"":7.8193582887700535,""labels"":[""2 (Challenging to recognize but understandable)""],""channel"":0},{""end"":7.758930481283422,""start"":3.9519786096256686,""labels"":[""4 (Good)""],""channel"":0},{""end"":10.454010695187167,""start"":9.704705882352942,""labels"":[""2 (Challenging to recognize but understandable)""],""channel"":0},{""end"":9.656363636363638,""start"":8.484064171122995,""labels"":[""4 (Good)""],""channel"":0},{""end"":13.124919786096257,""start"":11.457112299465242,""labels"":[""4 (Good)""],""channel"":0}]","3 (Moderate Prosody, there are noticeable variations in pitch and rhythm, but they may not always align perfectly with the content.)"
"3 (Fair. Some noticeable pronunciation errors exist, requiring occasional listener effort for comprehension.)",3,06128238-26e2-4ffc-b124-a44c27aade61---5e1919a8-72ea-4585-935a-270bdc9c490.wav,2 (Not Very Fluent. Speech is characterized by intermittent disruptions and pauses. There are moments of hesitation that may affect the overall flow.),"[{""end"":2.2858778625954197,""start"":1.7338167938931297,""labels"":[""3 (Somewhat inaccurate but quite understandable)""],""channel"":0},{""end"":8.798473282442748,""start"":8.177404580152672,""labels"":[""3 (Somewhat inaccurate but quite understandable)""],""channel"":0}]","2 (Limited Prosody, speech may sound somewhat monotonous, impacting the overall expressiveness of the communication.)"
"3 (Fair. Some noticeable pronunciation errors exist, requiring occasional listener effort for comprehension.)",4,06128238-26e2-4ffc-b124-a44c27aade61---5e1919a8-72ea-4585-935a-270bdc9c490.wav,"3 (Moderately Fluent with noticeable hesitations, but the communication is still coherent.)","[{""end"":7.843284132841329,""start"":7.45549815498155,""labels"":[""3 (Somewhat inaccurate but quite understandable)""],""channel"":0},{""end"":12.88450184501845,""start"":12.296568265682657,""labels"":[""3 (Somewhat inaccurate but quite understandable)""],""channel"":0},{""end"":12.19649446494465,""start"":11.395904059040591,""labels"":[""4 (Good)""],""channel"":0},{""end"":10.457712177121772,""start"":7.930848708487084,""labels"":[""4 (Good)""],""channel"":0},{""end"":2.6519557195571957,""start"":0.06254612546125461,""labels"":[""4 (Good)""],""channel"":0},{""end"":4.690959409594096,""start"":3.2148708487084874,""labels"":[""4 (Good)""],""channel"":0},{""end"":5.729225092250923,""start"":5.191328413284133,""labels"":[""4 (Good)""],""channel"":0},{""end"":7.430479704797048,""start"":6.492287822878229,""labels"":[""4 (Good)""],""channel"":0}]","3 (Moderate Prosody, there are noticeable variations in pitch and rhythm, but they may not always align perfectly with the content.)"
"4 (Good. Minor pronunciation errors may be present, but overall, the speaker's pronunciation is highly accurate and easily understandable.)",5,06128238-26e2-4ffc-b124-a44c27aade61---5e1919a8-72ea-4585-935a-270bdc9c490.wav,"3 (Moderately Fluent with noticeable hesitations, but the communication is still coherent.)","[{""end"":0.9317902350813744,""start"":0.0061301989150090415,""labels"":[""4 (Good)""],""channel"":0},{""end"":1.495768535262206,""start"":1.0176130198915008,""labels"":[""3 (Somewhat inaccurate but quite understandable)""],""channel"":0},{""end"":1.7471066907775767,""start"":1.5264195298372514,""labels"":[""4 (Good)""],""channel"":0},{""end"":2.2804339963833633,""start"":1.765497287522604,""labels"":[""Stress errors (the stress is incorrectly placed on different syllables)""],""channel"":0},{""end"":2.6543761301989153,""start"":2.3049547920433997,""labels"":[""4 (Good)""],""channel"":0},{""end"":4.714122965641954,""start"":3.108010849909584,""labels"":[""4 (Good)""],""channel"":0},{""end"":5.743996383363472,""start"":5.180018083182641,""labels"":[""4 (Good)""],""channel"":0},{""end"":12.959240506329115,""start"":12.260397830018084,""labels"":[""Stress errors (the stress is incorrectly placed on different syllables)""],""channel"":0},{""end"":12.113273056057867,""start"":11.475732368896926,""labels"":[""4 (Good)""],""channel"":0},{""end"":10.402947558770343,""start"":9.78992766726944,""labels"":[""Stress errors (the stress is incorrectly placed on different syllables)""],""channel"":0},{""end"":9.78992766726944,""start"":6.491880650994576,""labels"":[""4 (Good)""],""channel"":0}]","3 (Moderate Prosody, there are noticeable variations in pitch and rhythm, but they may not always align perfectly with the content.)"
"2 (Poor. Pronunciation issues are more pronounced, demanding listener effort for understanding.)",1,2090115f-ca26-420e-81c3-28ad672f8c42---e6280ff5-183a-4087-8e69-8ee96c6977a.wav,"3 (Moderately Fluent with noticeable hesitations, but the communication is still coherent.)","[{""end"":1.176190476190476,""start"":0,""labels"":[""3 (Somewhat inaccurate but quite understandable)""],""channel"":0},{""end"":2.179047619047619,""start"":1.3,""labels"":[""3 (Somewhat inaccurate but quite understandable)""],""channel"":0},{""end"":2.7857142857142856,""start"":2.203809523809524,""labels"":[""2 (Challenging to recognize but understandable)""],""channel"":0},{""end"":6.487619047619048,""start"":4.580952380952381,""labels"":[""2 (Challenging to recognize but understandable)""],""channel"":0},{""end"":6.945714285714285,""start"":6.561904761904762,""labels"":[""2 (Challenging to recognize but understandable)""],""channel"":0},{""end"":9.483809523809523,""start"":7.143809523809524,""labels"":[""3 (Somewhat inaccurate but quite understandable)""],""channel"":0},{""end"":10.548571428571428,""start"":9.941904761904762,""labels"":[""2 (Challenging to recognize but understandable)""],""channel"":0},{""end"":13.52,""start"":12.009523809523808,""labels"":[""3 (Somewhat inaccurate but quite understandable)""],""channel"":0},{""end"":11.155238095238094,""start"":10.598095238095238,""labels"":[""3 (Somewhat inaccurate but quite understandable)""],""channel"":0}]","3 (Moderate Prosody, there are noticeable variations in pitch and rhythm, but they may not always align perfectly with the content.)"
"4 (Good. Minor pronunciation errors may be present, but overall, the speaker's pronunciation is highly accurate and easily understandable.)",2,2090115f-ca26-420e-81c3-28ad672f8c42---e6280ff5-183a-4087-8e69-8ee96c6977a.wav,"3 (Moderately Fluent with noticeable hesitations, but the communication is still coherent.)","[{""end"":1.5544385026737968,""start"":0.6506951871657753,""labels"":[""2 (Challenging to recognize but understandable)""],""channel"":0},{""end"":0.590445632798574,""start"":0,""labels"":[""4 (Good)""],""channel"":0},{""end"":2.8678787878787877,""start"":1.602638146167558,""labels"":[""4 (Good)""],""channel"":0},{""end"":11.604064171122994,""start"":9.905026737967916,""labels"":[""3 (Somewhat inaccurate but quite understandable)""],""channel"":0},{""end"":13.52,""start"":11.953511586452763,""labels"":[""4 (Good)""],""channel"":0},{""end"":9.483279857397504,""start"":3.711372549019608,""labels"":[""4 (Good)""],""channel"":0}]","3 (Moderate Prosody, there are noticeable variations in pitch and rhythm, but they may not always align perfectly with the content.)"
"2 (Poor. Pronunciation issues are more pronounced, demanding listener effort for understanding.)",3,2090115f-ca26-420e-81c3-28ad672f8c42---e6280ff5-183a-4087-8e69-8ee96c6977a.wav,2 (Not Very Fluent. Speech is characterized by intermittent disruptions and pauses. There are moments of hesitation that may affect the overall flow.),"[{""end"":9.357353689567429,""start"":7.258829516539439,""labels"":[""3 (Somewhat inaccurate but quite understandable)""],""channel"":0}]","3 (Moderate Prosody, there are noticeable variations in pitch and rhythm, but they may not always align perfectly with the content.)"
"3 (Fair. Some noticeable pronunciation errors exist, requiring occasional listener effort for comprehension.)",4,2090115f-ca26-420e-81c3-28ad672f8c42---e6280ff5-183a-4087-8e69-8ee96c6977a.wav,"3 (Moderately Fluent with noticeable hesitations, but the communication is still coherent.)","[{""end"":1.1474538745387455,""start"":0.8231734317343173,""labels"":[""3 (Somewhat inaccurate but quite understandable)""],""channel"":0},{""end"":7.1965313653136525,""start"":6.547970479704797,""labels"":[""3 (Somewhat inaccurate but quite understandable)""],""channel"":0},{""end"":9.404132841328414,""start"":7.2090036900369,""labels"":[""4 (Good)""],""channel"":0},{""end"":11.387232472324722,""start"":9.878081180811808,""labels"":[""4 (Good)""],""channel"":0},{""end"":12.696826568265683,""start"":12.023321033210332,""labels"":[""4 (Good)""],""channel"":0},{""end"":13.52,""start"":13.24560885608856,""labels"":[""4 (Good)""],""channel"":0},{""end"":6.4606642066420665,""start"":5.026346863468635,""labels"":[""4 (Good)""],""channel"":0},{""end"":4.951512915129151,""start"":4.602287822878228,""labels"":[""4 (Good)""],""channel"":0},{""end"":4.3902583025830255,""start"":3.729225092250922,""labels"":[""4 (Good)""],""channel"":0},{""end"":2.681549815498155,""start"":1.5216236162361623,""labels"":[""4 (Good)""],""channel"":0},{""end"":0.7732841328413285,""start"":0,""labels"":[""4 (Good)""],""channel"":0}]","3 (Moderate Prosody, there are noticeable variations in pitch and rhythm, but they may not always align perfectly with the content.)"
"4 (Good. Minor pronunciation errors may be present, but overall, the speaker's pronunciation is highly accurate and easily understandable.)",5,2090115f-ca26-420e-81c3-28ad672f8c42---e6280ff5-183a-4087-8e69-8ee96c6977a.wav,"4 (Mostly Fluent with occasional minor pauses, repetition, and stammering.)","[{""end"":13.52,""start"":9.907739602169983,""labels"":[""4 (Good)""],""channel"":0},{""end"":1.2224231464737794,""start"":0.012224231464737794,""labels"":[""4 (Good)""],""channel"":0},{""end"":2.8849186256781194,""start"":1.4913562386980108,""labels"":[""4 (Good)""],""channel"":0},{""end"":7.218408679927668,""start"":6.558300180831826,""labels"":[""Stress errors (the stress is incorrectly placed on different syllables)""],""channel"":0},{""end"":9.437106690777577,""start"":8.929801084990958,""labels"":[""3 (Somewhat inaccurate but quite understandable)""],""channel"":0},{""end"":8.813670886075949,""start"":7.224520795660036,""labels"":[""4 (Good)""],""channel"":0},{""end"":6.515515370705244,""start"":3.7345027124773957,""labels"":[""4 (Good)""],""channel"":0}]","3 (Moderate Prosody, there are noticeable variations in pitch and rhythm, but they may not always align perfectly with the content.)"
"3 (Fair. Some noticeable pronunciation errors exist, requiring occasional listener effort for comprehension.)",1,00174478-41df-41e8-9d0d-08256c16d87b---06fa6962-a03a-4d9d-b8f8-c1a6caaf194.wav,"3 (Moderately Fluent with noticeable hesitations, but the communication is still coherent.)","[{""end"":3.3121978021978022,""start"":0,""labels"":[""4 (Good)""],""channel"":0},{""end"":3.986904761904762,""start"":3.3121978021978022,""labels"":[""2 (Challenging to recognize but understandable)""],""channel"":0},{""end"":7.529116300366301,""start"":4.155581501831502,""labels"":[""4 (Good)""],""channel"":0},{""end"":8.157820512820512,""start"":7.559784798534799,""labels"":[""3 (Somewhat inaccurate but quite understandable)""],""channel"":0},{""end"":9.093209706959707,""start"":8.20382326007326,""labels"":[""4 (Good)""],""channel"":0},{""end"":11.05599358974359,""start"":9.461231684981685,""labels"":[""4 (Good)""],""channel"":0},{""end"":11.7153663003663,""start"":11.07132783882784,""labels"":[""3 (Somewhat inaccurate but quite understandable)""],""channel"":0},{""end"":14.337522893772894,""start"":11.73070054945055,""labels"":[""4 (Good)""],""channel"":0},{""end"":15.073566849816851,""start"":14.674876373626374,""labels"":[""4 (Good)""],""channel"":0},{""end"":15.44158882783883,""start"":15.10423534798535,""labels"":[""2 (Challenging to recognize but understandable)""],""channel"":0},{""end"":16.683663003663003,""start"":15.472257326007329,""labels"":[""4 (Good)""],""channel"":0}]","2 (Limited Prosody, speech may sound somewhat monotonous, impacting the overall expressiveness of the communication.)"
"4 (Good. Minor pronunciation errors may be present, but overall, the speaker's pronunciation is highly accurate and easily understandable.)",2,00174478-41df-41e8-9d0d-08256c16d87b---06fa6962-a03a-4d9d-b8f8-c1a6caaf194.wav,5 (Fluent without noticeable pauses or stammering.)                        ,"[{""end"":11.62598484848485,""start"":11.02901515151515,""labels"":[""3 (Somewhat inaccurate but quite understandable)""],""channel"":0},{""end"":10.984242424242426,""start"":9.387348484848484,""labels"":[""4 (Good)""],""channel"":0},{""end"":9.148560606060608,""start"":4.134015151515152,""labels"":[""4 (Good)""],""channel"":0},{""end"":3.9400000000000004,""start"":0,""labels"":[""4 (Good)""],""channel"":0},{""end"":16.745,""start"":11.745378787878789,""labels"":[""4 (Good)""],""channel"":0}]","4 (Good Prosody, prosodic elements are generally well-controlled, with some variations in pitch and rhythm.)"
"2 (Poor. Pronunciation issues are more pronounced, demanding listener effort for understanding.)",3,00174478-41df-41e8-9d0d-08256c16d87b---06fa6962-a03a-4d9d-b8f8-c1a6caaf194.wav,2 (Not Very Fluent. Speech is characterized by intermittent disruptions and pauses. There are moments of hesitation that may affect the overall flow.),"[{""end"":3.802776717557252,""start"":2.7162690839694656,""labels"":[""2 (Challenging to recognize but understandable)""],""channel"":0},{""end"":10.343126590330789,""start"":9.437703562340968,""labels"":[""2 (Challenging to recognize but understandable)""],""channel"":0}]","3 (Moderate Prosody, there are noticeable variations in pitch and rhythm, but they may not always align perfectly with the content.)"
"4 (Good. Minor pronunciation errors may be present, but overall, the speaker's pronunciation is highly accurate and easily understandable.)",4,00174478-41df-41e8-9d0d-08256c16d87b---06fa6962-a03a-4d9d-b8f8-c1a6caaf194.wav,"4 (Mostly Fluent with occasional minor pauses, repetition, and stammering.)","[{""end"":3.892749077490775,""start"":2.7187453874538745,""labels"":[""1 (Cannot recognize the word)""],""channel"":0},{""end"":11.631904981549816,""start"":10.967666051660517,""labels"":[""3 (Somewhat inaccurate but quite understandable)""],""channel"":0},{""end"":16.745,""start"":14.690493542435426,""labels"":[""4 (Good)""],""channel"":0},{""end"":14.505124538745388,""start"":11.678247232472325,""labels"":[""4 (Good)""],""channel"":0},{""end"":10.967666051660517,""start"":10.612375461254613,""labels"":[""4 (Good)""],""channel"":0},{""end"":10.380664206642068,""start"":9.438371771217712,""labels"":[""4 (Good)""],""channel"":0},{""end"":8.928607011070111,""start"":4.109012915129152,""labels"":[""4 (Good)""],""channel"":0},{""end"":2.6569557195571956,""start"":1.6683210332103322,""labels"":[""4 (Good)""],""channel"":0}]","4 (Good Prosody, prosodic elements are generally well-controlled, with some variations in pitch and rhythm.)"
5 (Excellent. The overall pronunciation of the sentence is nearly perfect with accurate articulation of all sounds.),5,00174478-41df-41e8-9d0d-08256c16d87b---06fa6962-a03a-4d9d-b8f8-c1a6caaf194.wav,"4 (Mostly Fluent with occasional minor pauses, repetition, and stammering.)","[{""end"":16.745,""start"":0,""labels"":[""4 (Good)""],""channel"":0}]","4 (Good Prosody, prosodic elements are generally well-controlled, with some variations in pitch and rhythm.)"
"3 (Fair. Some noticeable pronunciation errors exist, requiring occasional listener effort for comprehension.)",1,40080ce6-1c07-41c3-b54f-9d963a2c4139---f7c9d5d9-45e9-4848-9367-f1060096554.wav,"1 (Not Fluent. Communication is challenging, and the speaker may struggle to convey thoughts smoothly.)","[{""end"":7.075714285714286,""start"":5.038131868131868,""labels"":[""3 (Somewhat inaccurate but quite understandable)""],""channel"":0},{""end"":9.113296703296703,""start"":7.103626373626374,""labels"":[""3 (Somewhat inaccurate but quite understandable)""],""channel"":0},{""end"":11.416043956043957,""start"":9.825054945054946,""labels"":[""3 (Somewhat inaccurate but quite understandable)""],""channel"":0},{""end"":12.937252747252748,""start"":12.183626373626375,""labels"":[""2 (Challenging to recognize but understandable)""],""channel"":0},{""end"":15.24,""start"":14.235164835164836,""labels"":[""3 (Somewhat inaccurate but quite understandable)""],""channel"":0}]","3 (Moderate Prosody, there are noticeable variations in pitch and rhythm, but they may not always align perfectly with the content.)"
"4 (Good. Minor pronunciation errors may be present, but overall, the speaker's pronunciation is highly accurate and easily understandable.)",2,40080ce6-1c07-41c3-b54f-9d963a2c4139---f7c9d5d9-45e9-4848-9367-f1060096554.wav,2 (Not Very Fluent. Speech is characterized by intermittent disruptions and pauses. There are moments of hesitation that may affect the overall flow.),"[{""end"":9.195614973262032,""start"":7.878074866310161,""labels"":[""3 (Somewhat inaccurate but quite understandable)""],""channel"":0},{""end"":7.701497326203209,""start"":4.930588235294118,""labels"":[""4 (Good)""],""channel"":0},{""end"":3.2463101604278077,""start"":1.3447058823529412,""labels"":[""4 (Good)""],""channel"":0},{""end"":13.161818181818182,""start"":9.671016042780748,""labels"":[""4 (Good)""],""channel"":0},{""end"":15.24,""start"":14.003957219251339,""labels"":[""4 (Good)""],""channel"":0}]","4 (Good Prosody, prosodic elements are generally well-controlled, with some variations in pitch and rhythm.)"
"2 (Poor. Pronunciation issues are more pronounced, demanding listener effort for understanding.)",3,40080ce6-1c07-41c3-b54f-9d963a2c4139---f7c9d5d9-45e9-4848-9367-f1060096554.wav,"1 (Not Fluent. Communication is challenging, and the speaker may struggle to convey thoughts smoothly.)","[{""end"":7.503664122137405,""start"":5.070305343511451,""labels"":[""2 (Challenging to recognize but understandable)""],""channel"":0}]","3 (Moderate Prosody, there are noticeable variations in pitch and rhythm, but they may not always align perfectly with the content.)"
"4 (Good. Minor pronunciation errors may be present, but overall, the speaker's pronunciation is highly accurate and easily understandable.)",4,40080ce6-1c07-41c3-b54f-9d963a2c4139---f7c9d5d9-45e9-4848-9367-f1060096554.wav,2 (Not Very Fluent. Speech is characterized by intermittent disruptions and pauses. There are moments of hesitation that may affect the overall flow.),"[{""end"":7.605232558139535,""start"":7.088372093023255,""labels"":[""3 (Somewhat inaccurate but quite understandable)""],""channel"":0},{""end"":7.029302325581395,""start"":5.153837209302326,""labels"":[""4 (Good)""],""channel"":0},{""end"":3.23406976744186,""start"":1.4767441860465118,""labels"":[""4 (Good)""],""channel"":0},{""end"":9.111511627906976,""start"":7.752906976744186,""labels"":[""4 (Good)""],""channel"":0},{""end"":11.34139534883721,""start"":9.835116279069767,""labels"":[""4 (Good)""],""channel"":0},{""end"":12.87720930232558,""start"":11.740116279069769,""labels"":[""4 (Good)""],""channel"":0},{""end"":15.24,""start"":14.250581395348837,""labels"":[""4 (Good)""],""channel"":0}]","4 (Good Prosody, prosodic elements are generally well-controlled, with some variations in pitch and rhythm.)"
"4 (Good. Minor pronunciation errors may be present, but overall, the speaker's pronunciation is highly accurate and easily understandable.)",5,40080ce6-1c07-41c3-b54f-9d963a2c4139---f7c9d5d9-45e9-4848-9367-f1060096554.wav,"4 (Mostly Fluent with occasional minor pauses, repetition, and stammering.)","[{""end"":5.313180327868852,""start"":5.030032786885246,""labels"":[""4 (Good)""],""channel"":0},{""end"":5.996065573770491,""start"":5.329836065573771,""labels"":[""3 (Somewhat inaccurate but quite understandable)""],""channel"":0},{""end"":7.744918032786885,""start"":7.128655737704918,""labels"":[""3 (Somewhat inaccurate but quite understandable)""],""channel"":0},{""end"":7.0953442622950815,""start"":6.062688524590164,""labels"":[""4 (Good)""],""channel"":0},{""end"":15.24,""start"":14.623737704918033,""labels"":[""4 (Good)""],""channel"":0},{""end"":9.12734426229508,""start"":7.944786885245901,""labels"":[""Stress errors (the stress is incorrectly placed on different syllables)""],""channel"":0},{""end"":12.974819672131149,""start"":9.776918032786885,""labels"":[""4 (Good)""],""channel"":0}]","4 (Good Prosody, prosodic elements are generally well-controlled, with some variations in pitch and rhythm.)"
"3 (Fair. Some noticeable pronunciation errors exist, requiring occasional listener effort for comprehension.)",1,7348cdce-637d-48a9-97fa-1a39b4fa1a7b---d0067603-7ef3-46ee-bf6c-5e32ab58b42.wav,2 (Not Very Fluent. Speech is characterized by intermittent disruptions and pauses. There are moments of hesitation that may affect the overall flow.),"[{""end"":4.257692307692308,""start"":1.3846153846153846,""labels"":[""3 (Somewhat inaccurate but quite understandable)""],""channel"":0},{""end"":5.278846153846153,""start"":4.586538461538461,""labels"":[""4 (Good)""],""channel"":0},{""end"":6.299999999999999,""start"":5.278846153846153,""labels"":[""3 (Somewhat inaccurate but quite understandable)""],""channel"":0},{""end"":7.546153846153846,""start"":6.6461538461538465,""labels"":[""3 (Somewhat inaccurate but quite understandable)""],""channel"":0},{""end"":8.498076923076923,""start"":7.598076923076923,""labels"":[""4 (Good)""],""channel"":0},{""end"":11.786538461538461,""start"":9.415384615384616,""labels"":[""4 (Good)""],""channel"":0},{""end"":14.226923076923075,""start"":11.821153846153845,""labels"":[""3 (Somewhat inaccurate but quite understandable)""],""channel"":0},{""end"":15.490384615384613,""start"":14.209615384615383,""labels"":[""3 (Somewhat inaccurate but quite understandable)""],""channel"":0},{""end"":16.996153846153845,""start"":15.542307692307691,""labels"":[""4 (Good)""],""channel"":0},{""end"":17.428846153846152,""start"":16.996153846153845,""labels"":[""3 (Somewhat inaccurate but quite understandable)""],""channel"":0},{""end"":18.865384615384613,""start"":18.08653846153846,""labels"":[""4 (Good)""],""channel"":0}]","3 (Moderate Prosody, there are noticeable variations in pitch and rhythm, but they may not always align perfectly with the content.)"
5 (Excellent. The overall pronunciation of the sentence is nearly perfect with accurate articulation of all sounds.),2,7348cdce-637d-48a9-97fa-1a39b4fa1a7b---d0067603-7ef3-46ee-bf6c-5e32ab58b42.wav,"3 (Moderately Fluent with noticeable hesitations, but the communication is still coherent.)","[{""end"":4.278609625668449,""start"":1.195989304812834,""labels"":[""4 (Good)""],""channel"":0},{""end"":6.081016042780749,""start"":4.63235294117647,""labels"":[""4 (Good)""],""channel"":0},{""end"":8.557219251336898,""start"":6.603208556149732,""labels"":[""4 (Good)""],""channel"":0},{""end"":17.569251336898393,""start"":8.826737967914438,""labels"":[""4 (Good)""],""channel"":0},{""end"":18.9,""start"":17.9903743315508,""labels"":[""4 (Good)""],""channel"":0}]","4 (Good Prosody, prosodic elements are generally well-controlled, with some variations in pitch and rhythm.)"
"4 (Good. Minor pronunciation errors may be present, but overall, the speaker's pronunciation is highly accurate and easily understandable.)",3,7348cdce-637d-48a9-97fa-1a39b4fa1a7b---d0067603-7ef3-46ee-bf6c-5e32ab58b42.wav,"3 (Moderately Fluent with noticeable hesitations, but the communication is still coherent.)",,"3 (Moderate Prosody, there are noticeable variations in pitch and rhythm, but they may not always align perfectly with the content.)"
"4 (Good. Minor pronunciation errors may be present, but overall, the speaker's pronunciation is highly accurate and easily understandable.)",4,7348cdce-637d-48a9-97fa-1a39b4fa1a7b---d0067603-7ef3-46ee-bf6c-5e32ab58b42.wav,"3 (Moderately Fluent with noticeable hesitations, but the communication is still coherent.)","[{""end"":5.842151162790697,""start"":1.446802325581395,""labels"":[""4 (Good)""],""channel"":0},{""end"":8.461046511627906,""start"":6.647965116279069,""labels"":[""4 (Good)""],""channel"":0},{""end"":18.9,""start"":8.717441860465115,""labels"":[""4 (Good)""],""channel"":0}]","3 (Moderate Prosody, there are noticeable variations in pitch and rhythm, but they may not always align perfectly with the content.)"
5 (Excellent. The overall pronunciation of the sentence is nearly perfect with accurate articulation of all sounds.),5,7348cdce-637d-48a9-97fa-1a39b4fa1a7b---d0067603-7ef3-46ee-bf6c-5e32ab58b42.wav,"4 (Mostly Fluent with occasional minor pauses, repetition, and stammering.)","[{""end"":17.51606557377049,""start"":16.689836065573772,""labels"":[""3 (Somewhat inaccurate but quite understandable)""],""channel"":0},{""end"":16.648524590163934,""start"":1.2393442622950819,""labels"":[""4 (Good)""],""channel"":0},{""end"":18.9,""start"":18.115081967213115,""labels"":[""4 (Good)""],""channel"":0}]","4 (Good Prosody, prosodic elements are generally well-controlled, with some variations in pitch and rhythm.)"
"3 (Fair. Some noticeable pronunciation errors exist, requiring occasional listener effort for comprehension.)",3,7348cdce-637d-48a9-97fa-1a39b4fa1a7b---cab063eb-9e34-4fec-99e7-42db0e2faf9.wav,"3 (Moderately Fluent with noticeable hesitations, but the communication is still coherent.)","[{""end"":10.947073791348602,""start"":9.824936386768448,""labels"":[""3 (Somewhat inaccurate but quite understandable)""],""channel"":0}]","2 (Limited Prosody, speech may sound somewhat monotonous, impacting the overall expressiveness of the communication.)"
"3 (Fair. Some noticeable pronunciation errors exist, requiring occasional listener effort for comprehension.)",1,7348cdce-637d-48a9-97fa-1a39b4fa1a7b---cab063eb-9e34-4fec-99e7-42db0e2faf9.wav,"4 (Mostly Fluent with occasional minor pauses, repetition, and stammering.)","[{""end"":3.248717948717949,""start"":0.5205128205128206,""labels"":[""4 (Good)""],""channel"":0},{""end"":6.569230769230769,""start"":5.815384615384616,""labels"":[""3 (Somewhat inaccurate but quite understandable)""],""channel"":0},{""end"":5.815384615384616,""start"":4.307692307692308,""labels"":[""4 (Good)""],""channel"":0},{""end"":4.271794871794872,""start"":3.2846153846153845,""labels"":[""3 (Somewhat inaccurate but quite understandable)""],""channel"":0},{""end"":10.069230769230769,""start"":6.641025641025641,""labels"":[""4 (Good)""],""channel"":0},{""end"":11.28974358974359,""start"":10.087179487179487,""labels"":[""3 (Somewhat inaccurate but quite understandable)""],""channel"":0},{""end"":13.407692307692308,""start"":11.451282051282053,""labels"":[""3 (Somewhat inaccurate but quite understandable)""],""channel"":0},{""end"":14.412820512820515,""start"":13.443589743589744,""labels"":[""2 (Challenging to recognize but understandable)""],""channel"":0},{""end"":17.123076923076923,""start"":14.646153846153847,""labels"":[""4 (Good)""],""channel"":0},{""end"":17.876923076923077,""start"":17.105128205128207,""labels"":[""3 (Somewhat inaccurate but quite understandable)""],""channel"":0},{""end"":19.58205128205128,""start"":17.94871794871795,""labels"":[""4 (Good)""],""channel"":0}]","3 (Moderate Prosody, there are noticeable variations in pitch and rhythm, but they may not always align perfectly with the content.)"
5 (Excellent. The overall pronunciation of the sentence is nearly perfect with accurate articulation of all sounds.),2,7348cdce-637d-48a9-97fa-1a39b4fa1a7b---cab063eb-9e34-4fec-99e7-42db0e2faf9.wav,"3 (Moderately Fluent with noticeable hesitations, but the communication is still coherent.)","[{""end"":9.380748663101606,""start"":8.507308377896614,""labels"":[""3 (Somewhat inaccurate but quite understandable)""],""channel"":0},{""end"":8.472370766488414,""start"":0.4891265597147951,""labels"":[""4 (Good)""],""channel"":0},{""end"":14.56898395721925,""start"":13.311229946524065,""labels"":[""3 (Somewhat inaccurate but quite understandable)""],""channel"":0},{""end"":13.223885918003566,""start"":9.468092691622104,""labels"":[""4 (Good)""],""channel"":0},{""end"":19.5126559714795,""start"":14.69126559714795,""labels"":[""4 (Good)""],""channel"":0}]","4 (Good Prosody, prosodic elements are generally well-controlled, with some variations in pitch and rhythm.)"
"4 (Good. Minor pronunciation errors may be present, but overall, the speaker's pronunciation is highly accurate and easily understandable.)",4,7348cdce-637d-48a9-97fa-1a39b4fa1a7b---cab063eb-9e34-4fec-99e7-42db0e2faf9.wav,"4 (Mostly Fluent with occasional minor pauses, repetition, and stammering.)","[{""end"":14.244186046511627,""start"":12.781782945736436,""labels"":[""Stress errors (the stress is incorrectly placed on different syllables)""],""channel"":0}]","3 (Moderate Prosody, there are noticeable variations in pitch and rhythm, but they may not always align perfectly with the content.)"
"4 (Good. Minor pronunciation errors may be present, but overall, the speaker's pronunciation is highly accurate and easily understandable.)",5,7348cdce-637d-48a9-97fa-1a39b4fa1a7b---cab063eb-9e34-4fec-99e7-42db0e2faf9.wav,5 (Fluent without noticeable pauses or stammering.)                        ,"[{""end"":14.480437158469945,""start"":13.495081967213116,""labels"":[""3 (Somewhat inaccurate but quite understandable)""],""channel"":0},{""end"":13.452240437158473,""start"":0.6426229508196722,""labels"":[""4 (Good)""],""channel"":0},{""end"":19.6,""start"":14.608961748633881,""labels"":[""4 (Good)""],""channel"":0}]","4 (Good Prosody, prosodic elements are generally well-controlled, with some variations in pitch and rhythm.)"
"3 (Fair. Some noticeable pronunciation errors exist, requiring occasional listener effort for comprehension.)",3,5501c9b5-8232-425d-8e81-9b4e174beecd---53566d72-6919-47af-af3f-ccf9a8ec6f2.wav,"3 (Moderately Fluent with noticeable hesitations, but the communication is still coherent.)","[{""end"":4.006466921119593,""start"":3.305627226463104,""labels"":[""3 (Somewhat inaccurate but quite understandable)""],""channel"":0}]","3 (Moderate Prosody, there are noticeable variations in pitch and rhythm, but they may not always align perfectly with the content.)"
"3 (Fair. Some noticeable pronunciation errors exist, requiring occasional listener effort for comprehension.)",1,5501c9b5-8232-425d-8e81-9b4e174beecd---53566d72-6919-47af-af3f-ccf9a8ec6f2.wav,"3 (Moderately Fluent with noticeable hesitations, but the communication is still coherent.)","[{""end"":2.1018772893772892,""start"":1.177051282051282,""labels"":[""4 (Good)""],""channel"":0},{""end"":4.540054945054945,""start"":2.0682472527472524,""labels"":[""3 (Somewhat inaccurate but quite understandable)""],""channel"":0},{""end"":5.952516483516483,""start"":5.010875457875457,""labels"":[""4 (Good)""],""channel"":0},{""end"":6.574672161172161,""start"":5.935701465201465,""labels"":[""2 (Challenging to recognize but understandable)""],""channel"":0},{""end"":8.659734432234432,""start"":7.112752747252747,""labels"":[""3 (Somewhat inaccurate but quite understandable)""],""channel"":0},{""end"":9.853600732600732,""start"":8.710179487179486,""labels"":[""4 (Good)""],""channel"":0},{""end"":13.435199633699632,""start"":10.3748663003663,""labels"":[""4 (Good)""],""channel"":0},{""end"":15.402556776556775,""start"":13.586534798534798,""labels"":[""3 (Somewhat inaccurate but quite understandable)""],""channel"":0},{""end"":18.34518498168498,""start"":15.890192307692306,""labels"":[""4 (Good)""],""channel"":0}]","3 (Moderate Prosody, there are noticeable variations in pitch and rhythm, but they may not always align perfectly with the content.)"
5 (Excellent. The overall pronunciation of the sentence is nearly perfect with accurate articulation of all sounds.),2,5501c9b5-8232-425d-8e81-9b4e174beecd---53566d72-6919-47af-af3f-ccf9a8ec6f2.wav,5 (Fluent without noticeable pauses or stammering.)                        ,"[{""end"":8.019055258467022,""start"":6.9225721925133685,""labels"":[""3 (Somewhat inaccurate but quite understandable)""],""channel"":0},{""end"":6.611629233511586,""start"":0.9982905525846701,""labels"":[""4 (Good)""],""channel"":0},{""end"":18.34563458110517,""start"":8.035420677361854,""labels"":[""4 (Good)""],""channel"":0}]","5 (Excellent Prosody, expressive and well-modulated tone, enhancing communication with effective pitch and rhythm variations.)"
5 (Excellent. The overall pronunciation of the sentence is nearly perfect with accurate articulation of all sounds.),4,5501c9b5-8232-425d-8e81-9b4e174beecd---53566d72-6919-47af-af3f-ccf9a8ec6f2.wav,"4 (Mostly Fluent with occasional minor pauses, repetition, and stammering.)",,"3 (Moderate Prosody, there are noticeable variations in pitch and rhythm, but they may not always align perfectly with the content.)"
"4 (Good. Minor pronunciation errors may be present, but overall, the speaker's pronunciation is highly accurate and easily understandable.)",5,5501c9b5-8232-425d-8e81-9b4e174beecd---53566d72-6919-47af-af3f-ccf9a8ec6f2.wav,"4 (Mostly Fluent with occasional minor pauses, repetition, and stammering.)","[{""end"":4.013551912568306,""start"":3.070367213114754,""labels"":[""3 (Somewhat inaccurate but quite understandable)""],""channel"":0},{""end"":3.010163934426229,""start"":1.1237945355191257,""labels"":[""4 (Good)""],""channel"":0},{""end"":4.655720218579234,""start"":4.053687431693989,""labels"":[""4 (Good)""],""channel"":0},{""end"":5.879853551912567,""start"":4.976804371584699,""labels"":[""4 (Good)""],""channel"":0},{""end"":6.622360655737705,""start"":5.919989071038251,""labels"":[""3 (Somewhat inaccurate but quite understandable)""],""channel"":0},{""end"":18.362,""start"":7.023715846994534,""labels"":[""4 (Good)""],""channel"":0}]","4 (Good Prosody, prosodic elements are generally well-controlled, with some variations in pitch and rhythm.)"
"2 (Poor. Pronunciation issues are more pronounced, demanding listener effort for understanding.)",3,4183af53-2541-4cae-9186-09e39e7f3d62---19793380-3621-40c3-91e1-5841503448a.wav,2 (Not Very Fluent. Speech is characterized by intermittent disruptions and pauses. There are moments of hesitation that may affect the overall flow.),"[{""end"":4.722251908396946,""start"":2.7212977099236637,""labels"":[""3 (Somewhat inaccurate but quite understandable)""],""channel"":0}]","3 (Moderate Prosody, there are noticeable variations in pitch and rhythm, but they may not always align perfectly with the content.)"
"2 (Poor. Pronunciation issues are more pronounced, demanding listener effort for understanding.)",1,4183af53-2541-4cae-9186-09e39e7f3d62---19793380-3621-40c3-91e1-5841503448a.wav,"1 (Not Fluent. Communication is challenging, and the speaker may struggle to convey thoughts smoothly.)","[{""end"":1.2674175824175824,""start"":0.6529120879120879,""labels"":[""3 (Somewhat inaccurate but quite understandable)""],""channel"":0},{""end"":3.975082417582417,""start"":1.3250274725274724,""labels"":[""2 (Challenging to recognize but understandable)""],""channel"":0},{""end"":8.622280219780219,""start"":4.205521978021978,""labels"":[""3 (Somewhat inaccurate but quite understandable)""],""channel"":0},{""end"":12.366923076923078,""start"":9.563241758241759,""labels"":[""2 (Challenging to recognize but understandable)""],""channel"":0},{""end"":13.883983516483516,""start"":12.539752747252747,""labels"":[""1 (Cannot recognize the word)""],""channel"":0},{""end"":14.517692307692306,""start"":13.864780219780219,""labels"":[""2 (Challenging to recognize but understandable)""],""channel"":0},{""end"":17.782252747252745,""start"":16.18837912087912,""labels"":[""1 (Cannot recognize the word)""],""channel"":0},{""end"":19.51054945054945,""start"":17.897472527472527,""labels"":[""2 (Challenging to recognize but understandable)""],""channel"":0}]","2 (Limited Prosody, speech may sound somewhat monotonous, impacting the overall expressiveness of the communication.)"
"3 (Fair. Some noticeable pronunciation errors exist, requiring occasional listener effort for comprehension.)",2,4183af53-2541-4cae-9186-09e39e7f3d62---19793380-3621-40c3-91e1-5841503448a.wav,2 (Not Very Fluent. Speech is characterized by intermittent disruptions and pauses. There are moments of hesitation that may affect the overall flow.),"[{""end"":8.765534759358289,""start"":7.345106951871657,""labels"":[""2 (Challenging to recognize but understandable)""],""channel"":0},{""end"":7.28903743315508,""start"":0.5606951871657754,""labels"":[""4 (Good)""],""channel"":0},{""end"":19.41874331550802,""start"":17.867486631016043,""labels"":[""2 (Challenging to recognize but understandable)""],""channel"":0},{""end"":14.87711229946524,""start"":12.503502673796792,""labels"":[""2 (Challenging to recognize but understandable)""],""channel"":0},{""end"":12.297914438502673,""start"":9.326229946524064,""labels"":[""4 (Good)""],""channel"":0},{""end"":17.69927807486631,""start"":15.867673796791443,""labels"":[""4 (Good)""],""channel"":0}]","3 (Moderate Prosody, there are noticeable variations in pitch and rhythm, but they may not always align perfectly with the content.)"
"2 (Poor. Pronunciation issues are more pronounced, demanding listener effort for understanding.)",4,4183af53-2541-4cae-9186-09e39e7f3d62---19793380-3621-40c3-91e1-5841503448a.wav,2 (Not Very Fluent. Speech is characterized by intermittent disruptions and pauses. There are moments of hesitation that may affect the overall flow.),"[{""end"":4.002994186046512,""start"":3.2511627906976743,""labels"":[""3 (Somewhat inaccurate but quite understandable)""],""channel"":0},{""end"":7.86375,""start"":7.315116279069767,""labels"":[""2 (Challenging to recognize but understandable)""],""channel"":0},{""end"":12.110581395348838,""start"":11.013313953488373,""labels"":[""2 (Challenging to recognize but understandable)""],""channel"":0},{""end"":17.617238372093023,""start"":16.13389534883721,""labels"":[""1 (Cannot recognize the word)""],""channel"":0},{""end"":3.190203488372093,""start"":0.7315116279069767,""labels"":[""1 (Cannot recognize the word)""],""channel"":0},{""end"":4.83610465116279,""start"":4.2265116279069765,""labels"":[""4 (Good)""],""channel"":0},{""end"":7.294796511627907,""start"":5.4863372093023255,""labels"":[""4 (Good)""],""channel"":0},{""end"":8.635901162790697,""start"":7.9247093023255815,""labels"":[""4 (Good)""],""channel"":0},{""end"":10.789796511627907,""start"":9.428372093023256,""labels"":[""4 (Good)""],""channel"":0},{""end"":14.508313953488372,""start"":12.334098837209302,""labels"":[""4 (Good)""],""channel"":0},{""end"":19.68985465116279,""start"":17.820436046511627,""labels"":[""4 (Good)""],""channel"":0}]","2 (Limited Prosody, speech may sound somewhat monotonous, impacting the overall expressiveness of the communication.)"
"3 (Fair. Some noticeable pronunciation errors exist, requiring occasional listener effort for comprehension.)",5,4183af53-2541-4cae-9186-09e39e7f3d62---19793380-3621-40c3-91e1-5841503448a.wav,"3 (Moderately Fluent with noticeable hesitations, but the communication is still coherent.)","[{""end"":4.904459016393442,""start"":3.2543606557377047,""labels"":[""Stress errors (the stress is incorrectly placed on different syllables)""],""channel"":0},{""end"":10.954819672131148,""start"":9.969344262295081,""labels"":[""1 (Cannot recognize the word)""],""channel"":0},{""end"":8.731770491803278,""start"":5.54616393442623,""labels"":[""4 (Good)""],""channel"":0},{""end"":1.7417704918032786,""start"":1.4438360655737703,""labels"":[""3 (Somewhat inaccurate but quite understandable)""],""channel"":0},{""end"":1.4438360655737705,""start"":0.5500327868852458,""labels"":[""4 (Good)""],""channel"":0},{""end"":3.2085245901639343,""start"":1.787606557377049,""labels"":[""4 (Good)""],""channel"":0},{""end"":12.215311475409836,""start"":11.046491803278688,""labels"":[""4 (Good)""],""channel"":0},{""end"":13.269540983606557,""start"":12.421573770491804,""labels"":[""3 (Somewhat inaccurate but quite understandable)""],""channel"":0},{""end"":14.667540983606557,""start"":13.292459016393442,""labels"":[""4 (Good)""],""channel"":0},{""end"":19.38865573770492,""start"":15.85927868852459,""labels"":[""4 (Good)""],""channel"":0}]","3 (Moderate Prosody, there are noticeable variations in pitch and rhythm, but they may not always align perfectly with the content.)"
1 (Extremely Poor. Very few words are recognizable.),3,957ae206-f481-4d95-8331-975d9e973a21---0bc0695c-10d9-406c-a7f6-8112ab87068.wav,"1 (Not Fluent. Communication is challenging, and the speaker may struggle to convey thoughts smoothly.)","[{""end"":8.731774809160305,""start"":3.4644561068702284,""labels"":[""1 (Cannot recognize the word)""],""channel"":0}]","2 (Limited Prosody, speech may sound somewhat monotonous, impacting the overall expressiveness of the communication.)"
1 (Extremely Poor. Very few words are recognizable.),1,957ae206-f481-4d95-8331-975d9e973a21---0bc0695c-10d9-406c-a7f6-8112ab87068.wav,2 (Not Very Fluent. Speech is characterized by intermittent disruptions and pauses. There are moments of hesitation that may affect the overall flow.),"[{""end"":3.5153159340659337,""start"":2.692170329670329,""labels"":[""3 (Somewhat inaccurate but quite understandable)""],""channel"":0},{""end"":4.1060439560439566,""start"":3.5249999999999995,""labels"":[""1 (Cannot recognize the word)""],""channel"":0},{""end"":4.8517170329670325,""start"":4.106043956043956,""labels"":[""3 (Somewhat inaccurate but quite understandable)""],""channel"":0},{""end"":6.982211538461538,""start"":6.07190934065934,""labels"":[""1 (Cannot recognize the word)""],""channel"":0},{""end"":7.969986263736263,""start"":7.718200549450549,""labels"":[""3 (Somewhat inaccurate but quite understandable)""],""channel"":0},{""end"":8.851236263736263,""start"":7.979670329670329,""labels"":[""1 (Cannot recognize the word)""],""channel"":0}]","1 (Poor Prosody, speech sound robotic or monotonous.)"
"2 (Poor. Pronunciation issues are more pronounced, demanding listener effort for understanding.)",2,957ae206-f481-4d95-8331-975d9e973a21---0bc0695c-10d9-406c-a7f6-8112ab87068.wav,2 (Not Very Fluent. Speech is characterized by intermittent disruptions and pauses. There are moments of hesitation that may affect the overall flow.),"[{""end"":4.448663101604279,""start"":2.63903743315508,""labels"":[""2 (Challenging to recognize but understandable)""],""channel"":0},{""end"":4.976470588235293,""start"":4.486363636363636,""labels"":[""4 (Good)""],""channel"":0},{""end"":8.953877005347593,""start"":7.502406417112299,""labels"":[""1 (Cannot recognize the word)""],""channel"":0},{""end"":7.02172459893048,""start"":5.91898395721925,""labels"":[""4 (Good)""],""channel"":0}]","2 (Limited Prosody, speech may sound somewhat monotonous, impacting the overall expressiveness of the communication.)"
1 (Extremely Poor. Very few words are recognizable.),4,957ae206-f481-4d95-8331-975d9e973a21---0bc0695c-10d9-406c-a7f6-8112ab87068.wav,2 (Not Very Fluent. Speech is characterized by intermittent disruptions and pauses. There are moments of hesitation that may affect the overall flow.),"[{""end"":4.826380813953488,""start"":2.7154796511627906,""labels"":[""1 (Cannot recognize the word)""],""channel"":0},{""end"":6.9372819767441865,""start"":5.943313953488372,""labels"":[""1 (Cannot recognize the word)""],""channel"":0},{""end"":8.781758720930233,""start"":7.675072674418604,""labels"":[""1 (Cannot recognize the word)""],""channel"":0},{""end"":10.575,""start"":10.390552325581394,""labels"":[""1 (Cannot recognize the word)""],""channel"":0}]","3 (Moderate Prosody, there are noticeable variations in pitch and rhythm, but they may not always align perfectly with the content.)"
"3 (Fair. Some noticeable pronunciation errors exist, requiring occasional listener effort for comprehension.)",5,957ae206-f481-4d95-8331-975d9e973a21---0bc0695c-10d9-406c-a7f6-8112ab87068.wav,"3 (Moderately Fluent with noticeable hesitations, but the communication is still coherent.)","[{""end"":8.82983606557377,""start"":8.043934426229507,""labels"":[""1 (Cannot recognize the word)""],""channel"":0},{""end"":4.877213114754098,""start"":2.5310655737704915,""labels"":[""4 (Good)""],""channel"":0},{""end"":6.980655737704918,""start"":6.067622950819671,""labels"":[""2 (Challenging to recognize but understandable)""],""channel"":0},{""end"":8.032377049180328,""start"":7.662540983606557,""labels"":[""4 (Good)""],""channel"":0}]","2 (Limited Prosody, speech may sound somewhat monotonous, impacting the overall expressiveness of the communication.)"
"2 (Poor. Pronunciation issues are more pronounced, demanding listener effort for understanding.)",3,789f6213-bc41-4afd-b8c6-1938a924f16d---7fa24760-bf42-4c1e-ba20-a26e6c42110.wav,2 (Not Very Fluent. Speech is characterized by intermittent disruptions and pauses. There are moments of hesitation that may affect the overall flow.),"[{""end"":17.19,""start"":3.313339694656489,""labels"":[""2 (Challenging to recognize but understandable)""],""channel"":0}]","2 (Limited Prosody, speech may sound somewhat monotonous, impacting the overall expressiveness of the communication.)"
"2 (Poor. Pronunciation issues are more pronounced, demanding listener effort for understanding.)",1,789f6213-bc41-4afd-b8c6-1938a924f16d---7fa24760-bf42-4c1e-ba20-a26e6c42110.wav,2 (Not Very Fluent. Speech is characterized by intermittent disruptions and pauses. There are moments of hesitation that may affect the overall flow.),"[{""end"":4.596593406593406,""start"":3.242802197802198,""labels"":[""2 (Challenging to recognize but understandable)""],""channel"":0},{""end"":5.367939560439561,""start"":4.6595604395604395,""labels"":[""3 (Somewhat inaccurate but quite understandable)""],""channel"":0},{""end"":5.981868131868132,""start"":5.55684065934066,""labels"":[""2 (Challenging to recognize but understandable)""],""channel"":0},{""end"":6.328186813186814,""start"":6.044835164835166,""labels"":[""3 (Somewhat inaccurate but quite understandable)""],""channel"":0},{""end"":7.760686813186814,""start"":6.643021978021979,""labels"":[""3 (Somewhat inaccurate but quite understandable)""],""channel"":0},{""end"":8.642225274725275,""start"":7.886620879120879,""labels"":[""2 (Challenging to recognize but understandable)""],""channel"":0},{""end"":8.909835164835167,""start"":8.642225274725275,""labels"":[""3 (Somewhat inaccurate but quite understandable)""],""channel"":0},{""end"":10.452527472527471,""start"":9.807115384615384,""labels"":[""2 (Challenging to recognize but understandable)""],""channel"":0},{""end"":10.84607142857143,""start"":10.49975274725275,""labels"":[""1 (Cannot recognize the word)""],""channel"":0},{""end"":12.247087912087913,""start"":10.940521978021978,""labels"":[""2 (Challenging to recognize but understandable)""],""channel"":0},{""end"":13.490686813186814,""start"":12.609148351648352,""labels"":[""3 (Somewhat inaccurate but quite understandable)""],""channel"":0},{""end"":14.592609890109891,""start"":13.632362637362638,""labels"":[""1 (Cannot recognize the word)""],""channel"":0},{""end"":17.174258241758242,""start"":15.22228021978022,""labels"":[""2 (Challenging to recognize but understandable)""],""channel"":0}]","3 (Moderate Prosody, there are noticeable variations in pitch and rhythm, but they may not always align perfectly with the content.)"
"2 (Poor. Pronunciation issues are more pronounced, demanding listener effort for understanding.)",2,789f6213-bc41-4afd-b8c6-1938a924f16d---7fa24760-bf42-4c1e-ba20-a26e6c42110.wav,"3 (Moderately Fluent with noticeable hesitations, but the communication is still coherent.)","[{""end"":6.52668449197861,""start"":4.5809358288770055,""labels"":[""2 (Challenging to recognize but understandable)""],""channel"":0},{""end"":4.5043315508021395,""start"":2.8803208556149738,""labels"":[""3 (Somewhat inaccurate but quite understandable)""],""channel"":0},{""end"":17.128716577540107,""start"":15.228930481283422,""labels"":[""2 (Challenging to recognize but understandable)""],""channel"":0},{""end"":9.054625668449198,""start"":6.61860962566845,""labels"":[""4 (Good)""],""channel"":0},{""end"":14.616096256684493,""start"":9.774705882352942,""labels"":[""3 (Somewhat inaccurate but quite understandable)""],""channel"":0}]","3 (Moderate Prosody, there are noticeable variations in pitch and rhythm, but they may not always align perfectly with the content.)"
"2 (Poor. Pronunciation issues are more pronounced, demanding listener effort for understanding.)",4,789f6213-bc41-4afd-b8c6-1938a924f16d---7fa24760-bf42-4c1e-ba20-a26e6c42110.wav,2 (Not Very Fluent. Speech is characterized by intermittent disruptions and pauses. There are moments of hesitation that may affect the overall flow.),"[{""end"":4.597325581395348,""start"":4.114273255813954,""labels"":[""Stress errors (the stress is incorrectly placed on different syllables)""],""channel"":0},{""end"":10.82703488372093,""start"":9.760988372093024,""labels"":[""1 (Cannot recognize the word)""],""channel"":0},{""end"":17.19,""start"":15.274447674418607,""labels"":[""3 (Somewhat inaccurate but quite understandable)""],""channel"":0},{""end"":14.641482558139534,""start"":12.625988372093024,""labels"":[""3 (Somewhat inaccurate but quite understandable)""],""channel"":0},{""end"":12.292848837209304,""start"":11.04357558139535,""labels"":[""3 (Somewhat inaccurate but quite understandable)""],""channel"":0},{""end"":8.944796511627908,""start"":6.746075581395349,""labels"":[""3 (Somewhat inaccurate but quite understandable)""],""channel"":0},{""end"":6.3296511627906975,""start"":4.663953488372093,""labels"":[""3 (Somewhat inaccurate but quite understandable)""],""channel"":0},{""end"":4.064302325581396,""start"":3.181482558139535,""labels"":[""3 (Somewhat inaccurate but quite understandable)""],""channel"":0}]","3 (Moderate Prosody, there are noticeable variations in pitch and rhythm, but they may not always align perfectly with the content.)"
"4 (Good. Minor pronunciation errors may be present, but overall, the speaker's pronunciation is highly accurate and easily understandable.)",5,789f6213-bc41-4afd-b8c6-1938a924f16d---7fa24760-bf42-4c1e-ba20-a26e6c42110.wav,"3 (Moderately Fluent with noticeable hesitations, but the communication is still coherent.)","[{""end"":4.565213114754099,""start"":3.1561967213114754,""labels"":[""4 (Good)""],""channel"":0},{""end"":5.861508196721312,""start"":4.659147540983606,""labels"":[""4 (Good)""],""channel"":0},{""end"":6.387540983606558,""start"":5.880295081967214,""labels"":[""3 (Somewhat inaccurate but quite understandable)""],""channel"":0},{""end"":10.220065573770494,""start"":9.694032786885247,""labels"":[""3 (Somewhat inaccurate but quite understandable)""],""channel"":0},{""end"":8.660754098360657,""start"":6.650557377049181,""labels"":[""4 (Good)""],""channel"":0},{""end"":9.017704918032788,""start"":8.67954098360656,""labels"":[""4 (Good)""],""channel"":0},{""end"":17.19,""start"":16.570032786885246,""labels"":[""3 (Somewhat inaccurate but quite understandable)""],""channel"":0},{""end"":16.570032786885246,""start"":15.386459016393443,""labels"":[""4 (Good)""],""channel"":0},{""end"":14.296819672131148,""start"":13.582918032786885,""labels"":[""3 (Somewhat inaccurate but quite understandable)""],""channel"":0},{""end"":13.50777049180328,""start"":10.257639344262296,""labels"":[""4 (Good)""],""channel"":0}]","3 (Moderate Prosody, there are noticeable variations in pitch and rhythm, but they may not always align perfectly with the content.)"
"2 (Poor. Pronunciation issues are more pronounced, demanding listener effort for understanding.)",3,516be824-f565-43b1-ba43-98bbfd69109f---2b1f4d68-3935-4960-b815-cc0815e676b.wav,"3 (Moderately Fluent with noticeable hesitations, but the communication is still coherent.)","[{""end"":9.2043893129771,""start"":7.205496183206106,""labels"":[""2 (Challenging to recognize but understandable)""],""channel"":0}]","3 (Moderate Prosody, there are noticeable variations in pitch and rhythm, but they may not always align perfectly with the content.)"
"3 (Fair. Some noticeable pronunciation errors exist, requiring occasional listener effort for comprehension.)",1,516be824-f565-43b1-ba43-98bbfd69109f---2b1f4d68-3935-4960-b815-cc0815e676b.wav,"3 (Moderately Fluent with noticeable hesitations, but the communication is still coherent.)","[{""end"":0.545934065934066,""start"":0,""labels"":[""4 (Good)""],""channel"":0},{""end"":2.934395604395604,""start"":1.524065934065934,""labels"":[""4 (Good)""],""channel"":0},{""end"":3.88978021978022,""start"":2.923021978021978,""labels"":[""2 (Challenging to recognize but understandable)""],""channel"":0},{""end"":5.811923076923077,""start"":3.9693956043956042,""labels"":[""3 (Somewhat inaccurate but quite understandable)""],""channel"":0},{""end"":6.596703296703296,""start"":5.846043956043956,""labels"":[""2 (Challenging to recognize but understandable)""],""channel"":0},{""end"":8.007032967032966,""start"":7.210879120879121,""labels"":[""1 (Cannot recognize the word)""],""channel"":0},{""end"":8.598461538461539,""start"":8.041153846153847,""labels"":[""3 (Somewhat inaccurate but quite understandable)""],""channel"":0},{""end"":9.246758241758242,""start"":8.689450549450548,""labels"":[""2 (Challenging to recognize but understandable)""],""channel"":0},{""end"":12.397252747252747,""start"":10.020164835164836,""labels"":[""3 (Somewhat inaccurate but quite understandable)""],""channel"":0}]","4 (Good Prosody, prosodic elements are generally well-controlled, with some variations in pitch and rhythm.)"
"3 (Fair. Some noticeable pronunciation errors exist, requiring occasional listener effort for comprehension.)",2,516be824-f565-43b1-ba43-98bbfd69109f---2b1f4d68-3935-4960-b815-cc0815e676b.wav,2 (Not Very Fluent. Speech is characterized by intermittent disruptions and pauses. There are moments of hesitation that may affect the overall flow.),"[{""end"":3.874331550802139,""start"":3.132673796791444,""labels"":[""2 (Challenging to recognize but understandable)""],""channel"":0},{""end"":3.0773262032085564,""start"":1.494385026737968,""labels"":[""4 (Good)""],""channel"":0},{""end"":0.5202673796791444,""start"":0,""labels"":[""4 (Good)""],""channel"":0},{""end"":5.5347593582887695,""start"":3.9628877005347594,""labels"":[""4 (Good)""],""channel"":0},{""end"":6.8852406417112295,""start"":5.62331550802139,""labels"":[""3 (Somewhat inaccurate but quite understandable)""],""channel"":0},{""end"":9.453368983957219,""start"":7.184117647058824,""labels"":[""4 (Good)""],""channel"":0},{""end"":12.397860962566844,""start"":9.918288770053476,""labels"":[""4 (Good)""],""channel"":0}]","4 (Good Prosody, prosodic elements are generally well-controlled, with some variations in pitch and rhythm.)"
"3 (Fair. Some noticeable pronunciation errors exist, requiring occasional listener effort for comprehension.)",5,516be824-f565-43b1-ba43-98bbfd69109f---2b1f4d68-3935-4960-b815-cc0815e676b.wav,"3 (Moderately Fluent with noticeable hesitations, but the communication is still coherent.)","[{""end"":0.6515409836065573,""start"":0,""labels"":[""4 (Good)""],""channel"":0},{""end"":3.9635409836065576,""start"":2.986229508196721,""labels"":[""3 (Somewhat inaccurate but quite understandable)""],""channel"":0},{""end"":2.959081967213115,""start"":1.5745573770491803,""labels"":[""4 (Good)""],""channel"":0},{""end"":6.664721311475409,""start"":6.0674754098360655,""labels"":[""1 (Cannot recognize the word)""],""channel"":0},{""end"":6.026754098360656,""start"":5.510950819672131,""labels"":[""4 (Good)""],""channel"":0},{""end"":9.35232786885246,""start"":7.166950819672132,""labels"":[""4 (Good)""],""channel"":0},{""end"":12.42,""start"":9.936,""labels"":[""4 (Good)""],""channel"":0}]","3 (Moderate Prosody, there are noticeable variations in pitch and rhythm, but they may not always align perfectly with the content.)"
"3 (Fair. Some noticeable pronunciation errors exist, requiring occasional listener effort for comprehension.)",4,516be824-f565-43b1-ba43-98bbfd69109f---2b1f4d68-3935-4960-b815-cc0815e676b.wav,"3 (Moderately Fluent with noticeable hesitations, but the communication is still coherent.)","[{""end"":5.095693501454898,""start"":4.649970902036857,""labels"":[""3 (Somewhat inaccurate but quite understandable)""],""channel"":0},{""end"":8.649427740058195,""start"":7.08337536372454,""labels"":[""3 (Somewhat inaccurate but quite understandable)""],""channel"":0},{""end"":9.348128031037827,""start"":8.709660523763336,""labels"":[""3 (Somewhat inaccurate but quite understandable)""],""channel"":0},{""end"":10.384131910766246,""start"":10.022735208535401,""labels"":[""3 (Somewhat inaccurate but quite understandable)""],""channel"":0},{""end"":12.42,""start"":10.396178467507275,""labels"":[""4 (Good)""],""channel"":0},{""end"":6.75811833171678,""start"":5.131833171677982,""labels"":[""4 (Good)""],""channel"":0},{""end"":4.637924345295829,""start"":1.5178661493695442,""labels"":[""4 (Good)""],""channel"":0},{""end"":0.6866537342386033,""start"":0,""labels"":[""4 (Good)""],""channel"":0}]","3 (Moderate Prosody, there are noticeable variations in pitch and rhythm, but they may not always align perfectly with the content.)"
"2 (Poor. Pronunciation issues are more pronounced, demanding listener effort for understanding.)",3,245ec3f7-101a-4eb0-a848-f27fb24989f1---7ff06bb8-8fda-487c-903a-1c622159998.wav,"3 (Moderately Fluent with noticeable hesitations, but the communication is still coherent.)","[{""end"":9.30055979643766,""start"":8.468600508905853,""labels"":[""2 (Challenging to recognize but understandable)""],""channel"":0}]","2 (Limited Prosody, speech may sound somewhat monotonous, impacting the overall expressiveness of the communication.)"
"2 (Poor. Pronunciation issues are more pronounced, demanding listener effort for understanding.)",1,245ec3f7-101a-4eb0-a848-f27fb24989f1---7ff06bb8-8fda-487c-903a-1c622159998.wav,"4 (Mostly Fluent with occasional minor pauses, repetition, and stammering.)","[{""end"":1.0367765567765568,""start"":0,""labels"":[""4 (Good)""],""channel"":0},{""end"":1.5104761904761903,""start"":1.0367765567765566,""labels"":[""2 (Challenging to recognize but understandable)""],""channel"":0},{""end"":1.9484249084249086,""start"":1.5015384615384615,""labels"":[""1 (Cannot recognize the word)""],""channel"":0},{""end"":3.762783882783883,""start"":1.9484249084249086,""labels"":[""2 (Challenging to recognize but understandable)""],""channel"":0},{""end"":4.602930402930403,""start"":3.771721611721612,""labels"":[""3 (Somewhat inaccurate but quite understandable)""],""channel"":0},{""end"":6.336849816849815,""start"":5.13025641025641,""labels"":[""4 (Good)""],""channel"":0},{""end"":8.410402930402931,""start"":6.327912087912088,""labels"":[""3 (Somewhat inaccurate but quite understandable)""],""channel"":0},{""end"":9.76,""start"":8.544468864468865,""labels"":[""1 (Cannot recognize the word)""],""channel"":0}]","4 (Good Prosody, prosodic elements are generally well-controlled, with some variations in pitch and rhythm.)"
"2 (Poor. Pronunciation issues are more pronounced, demanding listener effort for understanding.)",2,245ec3f7-101a-4eb0-a848-f27fb24989f1---7ff06bb8-8fda-487c-903a-1c622159998.wav,"3 (Moderately Fluent with noticeable hesitations, but the communication is still coherent.)","[{""end"":1.4613903743315508,""start"":0,""labels"":[""4 (Good)""],""channel"":0},{""end"":4.627736185383244,""start"":3.462103386809269,""labels"":[""3 (Somewhat inaccurate but quite understandable)""],""channel"":0},{""end"":3.4012121212121214,""start"":1.5222816399286987,""labels"":[""1 (Cannot recognize the word)""],""channel"":0},{""end"":9.76,""start"":8.446488413547238,""labels"":[""1 (Cannot recognize the word)""],""channel"":0},{""end"":8.359500891265597,""start"":5.0365775401069515,""labels"":[""4 (Good)""],""channel"":0}]","4 (Good Prosody, prosodic elements are generally well-controlled, with some variations in pitch and rhythm.)"
"4 (Good. Minor pronunciation errors may be present, but overall, the speaker's pronunciation is highly accurate and easily understandable.)",5,245ec3f7-101a-4eb0-a848-f27fb24989f1---7ff06bb8-8fda-487c-903a-1c622159998.wav,"4 (Mostly Fluent with occasional minor pauses, repetition, and stammering.)","[{""end"":9.226666666666667,""start"":8.501333333333333,""labels"":[""3 (Somewhat inaccurate but quite understandable)""],""channel"":0},{""end"":9.76,""start"":9.301333333333334,""labels"":[""4 (Good)""],""channel"":0},{""end"":8.437333333333333,""start"":5.056,""labels"":[""4 (Good)""],""channel"":0},{""end"":1.8986666666666667,""start"":1.4826666666666668,""labels"":[""1 (Cannot recognize the word)""],""channel"":0},{""end"":4.618666666666666,""start"":1.92,""labels"":[""4 (Good)""],""channel"":0},{""end"":1.44,""start"":0,""labels"":[""4 (Good)""],""channel"":0}]","4 (Good Prosody, prosodic elements are generally well-controlled, with some variations in pitch and rhythm.)"
"3 (Fair. Some noticeable pronunciation errors exist, requiring occasional listener effort for comprehension.)",4,245ec3f7-101a-4eb0-a848-f27fb24989f1---7ff06bb8-8fda-487c-903a-1c622159998.wav,"3 (Moderately Fluent with noticeable hesitations, but the communication is still coherent.)","[{""end"":1.987972841901067,""start"":1.4957129000969933,""labels"":[""3 (Somewhat inaccurate but quite understandable)""],""channel"":0},{""end"":6.10591658583899,""start"":5.518991270611057,""labels"":[""3 (Somewhat inaccurate but quite understandable)""],""channel"":0},{""end"":9.239340446168768,""start"":8.879612027158098,""labels"":[""3 (Somewhat inaccurate but quite understandable)""],""channel"":0},{""end"":9.76,""start"":9.267740058195926,""labels"":[""4 (Good)""],""channel"":0},{""end"":8.860678952473327,""start"":6.134316197866149,""labels"":[""4 (Good)""],""channel"":0},{""end"":5.500058195926285,""start"":5.111930164888457,""labels"":[""4 (Good)""],""channel"":0},{""end"":4.6764694471387,""start"":1.9974393792434528,""labels"":[""4 (Good)""],""channel"":0},{""end"":1.476779825412221,""start"":0,""labels"":[""4 (Good)""],""channel"":0}]","3 (Moderate Prosody, there are noticeable variations in pitch and rhythm, but they may not always align perfectly with the content.)"
"2 (Poor. Pronunciation issues are more pronounced, demanding listener effort for understanding.)",3,197b043a-7182-4de2-9a46-ce84fd3f5bd1---46ca6809-80ae-4412-b6e2-1fdf4ea2b98.wav,"3 (Moderately Fluent with noticeable hesitations, but the communication is still coherent.)","[{""end"":2.1929770992366415,""start"":1.61587786259542,""labels"":[""1 (Cannot recognize the word)""],""channel"":0}]","2 (Limited Prosody, speech may sound somewhat monotonous, impacting the overall expressiveness of the communication.)"
"2 (Poor. Pronunciation issues are more pronounced, demanding listener effort for understanding.)",1,197b043a-7182-4de2-9a46-ce84fd3f5bd1---46ca6809-80ae-4412-b6e2-1fdf4ea2b98.wav,"3 (Moderately Fluent with noticeable hesitations, but the communication is still coherent.)","[{""end"":1.5191208791208792,""start"":0,""labels"":[""3 (Somewhat inaccurate but quite understandable)""],""channel"":0},{""end"":2.812747252747253,""start"":1.4953846153846155,""labels"":[""2 (Challenging to recognize but understandable)""],""channel"":0},{""end"":3.631648351648352,""start"":2.812747252747253,""labels"":[""3 (Somewhat inaccurate but quite understandable)""],""channel"":0},{""end"":4.1775824175824186,""start"":3.702857142857143,""labels"":[""2 (Challenging to recognize but understandable)""],""channel"":0},{""end"":5.815384615384615,""start"":4.426813186813187,""labels"":[""3 (Somewhat inaccurate but quite understandable)""],""channel"":0},{""end"":7.025934065934066,""start"":5.803516483516484,""labels"":[""1 (Cannot recognize the word)""],""channel"":0},{""end"":8.734945054945056,""start"":7.061538461538461,""labels"":[""3 (Somewhat inaccurate but quite understandable)""],""channel"":0},{""end"":9.577582417582418,""start"":8.841758241758242,""labels"":[""1 (Cannot recognize the word)""],""channel"":0},{""end"":12.330989010989011,""start"":10.123516483516484,""labels"":[""3 (Somewhat inaccurate but quite understandable)""],""channel"":0},{""end"":12.936263736263736,""start"":12.354725274725276,""labels"":[""2 (Challenging to recognize but understandable)""],""channel"":0}]","3 (Moderate Prosody, there are noticeable variations in pitch and rhythm, but they may not always align perfectly with the content.)"
"4 (Good. Minor pronunciation errors may be present, but overall, the speaker's pronunciation is highly accurate and easily understandable.)",2,197b043a-7182-4de2-9a46-ce84fd3f5bd1---46ca6809-80ae-4412-b6e2-1fdf4ea2b98.wav,"4 (Mostly Fluent with occasional minor pauses, repetition, and stammering.)","[{""end"":4.481711229946525,""start"":2.968556149732621,""labels"":[""3 (Somewhat inaccurate but quite understandable)""],""channel"":0},{""end"":2.922352941176471,""start"":0,""labels"":[""4 (Good)""],""channel"":0},{""end"":7.161497326203209,""start"":5.821604278074867,""labels"":[""2 (Challenging to recognize but understandable)""],""channel"":0},{""end"":5.752299465240642,""start"":4.539465240641712,""labels"":[""4 (Good)""],""channel"":0},{""end"":12.925347593582888,""start"":10.072299465240643,""labels"":[""4 (Good)""],""channel"":0},{""end"":9.471657754010696,""start"":7.242352941176471,""labels"":[""4 (Good)""],""channel"":0}]","4 (Good Prosody, prosodic elements are generally well-controlled, with some variations in pitch and rhythm.)"
"4 (Good. Minor pronunciation errors may be present, but overall, the speaker's pronunciation is highly accurate and easily understandable.)",5,197b043a-7182-4de2-9a46-ce84fd3f5bd1---46ca6809-80ae-4412-b6e2-1fdf4ea2b98.wav,"4 (Mostly Fluent with occasional minor pauses, repetition, and stammering.)","[{""end"":3.6259672131147545,""start"":0,""labels"":[""4 (Good)""],""channel"":0},{""end"":11.444459016393443,""start"":11.104524590163935,""labels"":[""3 (Somewhat inaccurate but quite understandable)""],""channel"":0},{""end"":12.96,""start"":11.458622950819672,""labels"":[""4 (Good)""],""channel"":0},{""end"":6.883672131147541,""start"":5.807213114754099,""labels"":[""2 (Challenging to recognize but understandable)""],""channel"":0},{""end"":5.750557377049181,""start"":3.682622950819672,""labels"":[""4 (Good)""],""channel"":0},{""end"":11.047868852459017,""start"":6.9261639344262305,""labels"":[""4 (Good)""],""channel"":0}]","3 (Moderate Prosody, there are noticeable variations in pitch and rhythm, but they may not always align perfectly with the content.)"
"2 (Poor. Pronunciation issues are more pronounced, demanding listener effort for understanding.)",4,197b043a-7182-4de2-9a46-ce84fd3f5bd1---46ca6809-80ae-4412-b6e2-1fdf4ea2b98.wav,"4 (Mostly Fluent with occasional minor pauses, repetition, and stammering.)","[{""end"":2.426071774975752,""start"":1.483297769156159,""labels"":[""2 (Challenging to recognize but understandable)""],""channel"":0},{""end"":3.5448302618816685,""start"":2.8660329776915616,""labels"":[""3 (Somewhat inaccurate but quite understandable)""],""channel"":0},{""end"":5.794917555771097,""start"":5.116120271580989,""labels"":[""3 (Somewhat inaccurate but quite understandable)""],""channel"":0},{""end"":6.951387002909797,""start"":5.83262851600388,""labels"":[""1 (Cannot recognize the word)""],""channel"":0},{""end"":9.515732298739088,""start"":8.007293889427741,""labels"":[""2 (Challenging to recognize but understandable)""],""channel"":0},{""end"":12.947429679922406,""start"":12.193210475266731,""labels"":[""3 (Somewhat inaccurate but quite understandable)""],""channel"":0},{""end"":2.8534626576139672,""start"":2.4386420950533463,""labels"":[""3 (Somewhat inaccurate but quite understandable)""],""channel"":0},{""end"":12.080077594568381,""start"":11.1121629485936,""labels"":[""3 (Somewhat inaccurate but quite understandable)""],""channel"":0},{""end"":11.074451988360815,""start"":10.131677982541223,""labels"":[""4 (Good)""],""channel"":0},{""end"":7.982153249272552,""start"":7.001668283220175,""labels"":[""4 (Good)""],""channel"":0},{""end"":5.103549951503394,""start"":3.63282250242483,""labels"":[""4 (Good)""],""channel"":0},{""end"":1.4455868089233754,""start"":0,""labels"":[""4 (Good)""],""channel"":0}]","3 (Moderate Prosody, there are noticeable variations in pitch and rhythm, but they may not always align perfectly with the content.)"
"3 (Fair. Some noticeable pronunciation errors exist, requiring occasional listener effort for comprehension.)",3,162bf8af-521d-434b-9f93-89e16add007a---a446c11c-8aad-4769-a2bd-a73905ab726.wav,"3 (Moderately Fluent with noticeable hesitations, but the communication is still coherent.)","[{""end"":8.250623409669211,""start"":7.70645038167939,""labels"":[""2 (Challenging to recognize but understandable)""],""channel"":0}]","2 (Limited Prosody, speech may sound somewhat monotonous, impacting the overall expressiveness of the communication.)"
"3 (Fair. Some noticeable pronunciation errors exist, requiring occasional listener effort for comprehension.)",1,162bf8af-521d-434b-9f93-89e16add007a---a446c11c-8aad-4769-a2bd-a73905ab726.wav,2 (Not Very Fluent. Speech is characterized by intermittent disruptions and pauses. There are moments of hesitation that may affect the overall flow.),"[{""end"":0.5644871794871795,""start"":0,""labels"":[""4 (Good)""],""channel"":0},{""end"":2.7533150183150186,""start"":1.5206593406593407,""labels"":[""4 (Good)""],""channel"":0},{""end"":4.354615384615385,""start"":2.753315018315018,""labels"":[""3 (Somewhat inaccurate but quite understandable)""],""channel"":0},{""end"":4.919102564102563,""start"":4.354615384615384,""labels"":[""1 (Cannot recognize the word)""],""channel"":0},{""end"":8.37514652014652,""start"":6.117197802197802,""labels"":[""3 (Somewhat inaccurate but quite understandable)""],""channel"":0},{""end"":12.58,""start"":9.008754578754578,""labels"":[""3 (Somewhat inaccurate but quite understandable)""],""channel"":0}]","2 (Limited Prosody, speech may sound somewhat monotonous, impacting the overall expressiveness of the communication.)"
"4 (Good. Minor pronunciation errors may be present, but overall, the speaker's pronunciation is highly accurate and easily understandable.)",2,162bf8af-521d-434b-9f93-89e16add007a---a446c11c-8aad-4769-a2bd-a73905ab726.wav,"3 (Moderately Fluent with noticeable hesitations, but the communication is still coherent.)","[{""end"":3.587878787878788,""start"":2.477878787878788,""labels"":[""3 (Somewhat inaccurate but quite understandable)""],""channel"":0},{""end"":2.4330303030303027,""start"":1.4463636363636363,""labels"":[""4 (Good)""],""channel"":0},{""end"":0.7063636363636364,""start"":0,""labels"":[""4 (Good)""],""channel"":0},{""end"":4.821212121212121,""start"":3.6663636363636365,""labels"":[""4 (Good)""],""channel"":0},{""end"":5.505151515151515,""start"":4.910909090909091,""labels"":[""1 (Cannot recognize the word)""],""channel"":0},{""end"":8.330606060606062,""start"":6.088181818181819,""labels"":[""4 (Good)""],""channel"":0},{""end"":11.133636363636363,""start"":8.936060606060606,""labels"":[""4 (Good)""],""channel"":0},{""end"":12.58,""start"":11.548484848484849,""labels"":[""4 (Good)""],""channel"":0}]","4 (Good Prosody, prosodic elements are generally well-controlled, with some variations in pitch and rhythm.)"
"3 (Fair. Some noticeable pronunciation errors exist, requiring occasional listener effort for comprehension.)",5,162bf8af-521d-434b-9f93-89e16add007a---a446c11c-8aad-4769-a2bd-a73905ab726.wav,"3 (Moderately Fluent with noticeable hesitations, but the communication is still coherent.)","[{""end"":5.279475409836065,""start"":4.2758251366120215,""labels"":[""2 (Challenging to recognize but understandable)""],""channel"":0},{""end"":4.26207650273224,""start"":0,""labels"":[""4 (Good)""],""channel"":0},{""end"":12.58,""start"":6.131890710382514,""labels"":[""4 (Good)""],""channel"":0}]","3 (Moderate Prosody, there are noticeable variations in pitch and rhythm, but they may not always align perfectly with the content.)"
"3 (Fair. Some noticeable pronunciation errors exist, requiring occasional listener effort for comprehension.)",4,162bf8af-521d-434b-9f93-89e16add007a---a446c11c-8aad-4769-a2bd-a73905ab726.wav,2 (Not Very Fluent. Speech is characterized by intermittent disruptions and pauses. There are moments of hesitation that may affect the overall flow.),"[{""end"":4.892900096993211,""start"":4.282812803103782,""labels"":[""3 (Somewhat inaccurate but quite understandable)""],""channel"":0},{""end"":12.58,""start"":12.348166828322018,""labels"":[""3 (Somewhat inaccurate but quite understandable)""],""channel"":0},{""end"":12.32376333656644,""start"":11.628263821532492,""labels"":[""3 (Somewhat inaccurate but quite understandable)""],""channel"":0},{""end"":10.993773035887488,""start"":9.053695441319107,""labels"":[""4 (Good)""],""channel"":0},{""end"":8.345994180407372,""start"":6.16188166828322,""labels"":[""4 (Good)""],""channel"":0},{""end"":5.344364694471387,""start"":4.990514064015519,""labels"":[""4 (Good)""],""channel"":0},{""end"":4.258409311348206,""start"":2.440349175557711,""labels"":[""4 (Good)""],""channel"":0},{""end"":2.354936954413191,""start"":1.561823472356935,""labels"":[""4 (Good)""],""channel"":0},{""end"":0.6832977691561591,""start"":0,""labels"":[""4 (Good)""],""channel"":0}]","2 (Limited Prosody, speech may sound somewhat monotonous, impacting the overall expressiveness of the communication.)"
"4 (Good. Minor pronunciation errors may be present, but overall, the speaker's pronunciation is highly accurate and easily understandable.)",3,83dd99e4-30ff-4cd8-82f4-88f190c7b25d---d11f0031-97e7-4f6a-b138-277fc6a0b94.wav,"3 (Moderately Fluent with noticeable hesitations, but the communication is still coherent.)",,"4 (Good Prosody, prosodic elements are generally well-controlled, with some variations in pitch and rhythm.)"
5 (Excellent. The overall pronunciation of the sentence is nearly perfect with accurate articulation of all sounds.),1,83dd99e4-30ff-4cd8-82f4-88f190c7b25d---d11f0031-97e7-4f6a-b138-277fc6a0b94.wav,"4 (Mostly Fluent with occasional minor pauses, repetition, and stammering.)","[{""end"":4.297948717948717,""start"":0.018058608058608056,""labels"":[""4 (Good)""],""channel"":0},{""end"":6.69974358974359,""start"":4.659120879120879,""labels"":[""4 (Good)""],""channel"":0},{""end"":14.212124542124542,""start"":7.4040293040293035,""labels"":[""4 (Good)""],""channel"":0},{""end"":16.306923076923074,""start"":14.753882783882784,""labels"":[""4 (Good)""],""channel"":0},{""end"":17.85996336996337,""start"":16.686153846153847,""labels"":[""3 (Somewhat inaccurate but quite understandable)""],""channel"":0},{""end"":19.72,""start"":18.58230769230769,""labels"":[""4 (Good)""],""channel"":0}]","5 (Excellent Prosody, expressive and well-modulated tone, enhancing communication with effective pitch and rhythm variations.)"
"4 (Good. Minor pronunciation errors may be present, but overall, the speaker's pronunciation is highly accurate and easily understandable.)",2,83dd99e4-30ff-4cd8-82f4-88f190c7b25d---d11f0031-97e7-4f6a-b138-277fc6a0b94.wav,5 (Fluent without noticeable pauses or stammering.)                        ,"[{""end"":4.2709090909090905,""start"":3.04060606060606,""labels"":[""Stress errors (the stress is incorrectly placed on different syllables)""],""channel"":0},{""end"":2.9,""start"":0,""labels"":[""4 (Good)""],""channel"":0},{""end"":6.590909090909091,""start"":4.64,""labels"":[""4 (Good)""],""channel"":0},{""end"":17.83939393939394,""start"":16.556363636363635,""labels"":[""3 (Somewhat inaccurate but quite understandable)""],""channel"":0},{""end"":16.31030303030303,""start"":14.693333333333333,""labels"":[""4 (Good)""],""channel"":0},{""end"":14.095757575757576,""start"":7.557575757575757,""labels"":[""4 (Good)""],""channel"":0},{""end"":19.72,""start"":18.436969696969697,""labels"":[""4 (Good)""],""channel"":0}]","5 (Excellent Prosody, expressive and well-modulated tone, enhancing communication with effective pitch and rhythm variations.)"
5 (Excellent. The overall pronunciation of the sentence is nearly perfect with accurate articulation of all sounds.),5,83dd99e4-30ff-4cd8-82f4-88f190c7b25d---d11f0031-97e7-4f6a-b138-277fc6a0b94.wav,"4 (Mostly Fluent with occasional minor pauses, repetition, and stammering.)","[{""end"":19.72,""start"":0.04310382513661202,""labels"":[""4 (Good)""],""channel"":0}]","4 (Good Prosody, prosodic elements are generally well-controlled, with some variations in pitch and rhythm.)"
5 (Excellent. The overall pronunciation of the sentence is nearly perfect with accurate articulation of all sounds.),4,83dd99e4-30ff-4cd8-82f4-88f190c7b25d---d11f0031-97e7-4f6a-b138-277fc6a0b94.wav,"3 (Moderately Fluent with noticeable hesitations, but the communication is still coherent.)","[{""end"":0.4590494665373424,""start"":0,""labels"":[""4 (Good)""],""channel"":0},{""end"":4.246207565470417,""start"":0.8224636275460717,""labels"":[""4 (Good)""],""channel"":0},{""end"":6.7327255092143545,""start"":4.686129970902036,""labels"":[""4 (Good)""],""channel"":0},{""end"":14.096644034917555,""start"":7.440426770126091,""labels"":[""4 (Good)""],""channel"":0},{""end"":16.296256062075653,""start"":14.651328806983509,""labels"":[""4 (Good)""],""channel"":0},{""end"":17.82642095053346,""start"":16.62141610087294,""labels"":[""4 (Good)""],""channel"":0},{""end"":19.72,""start"":18.55324927255092,""labels"":[""4 (Good)""],""channel"":0}]","4 (Good Prosody, prosodic elements are generally well-controlled, with some variations in pitch and rhythm.)"
"3 (Fair. Some noticeable pronunciation errors exist, requiring occasional listener effort for comprehension.)",3,81e79f7b-8307-4a89-8962-620518182822---a9c5bacd-c3bb-4503-ab05-757f7594ca3.wav,"3 (Moderately Fluent with noticeable hesitations, but the communication is still coherent.)",,"3 (Moderate Prosody, there are noticeable variations in pitch and rhythm, but they may not always align perfectly with the content.)"
"3 (Fair. Some noticeable pronunciation errors exist, requiring occasional listener effort for comprehension.)",1,81e79f7b-8307-4a89-8962-620518182822---a9c5bacd-c3bb-4503-ab05-757f7594ca3.wav,2 (Not Very Fluent. Speech is characterized by intermittent disruptions and pauses. There are moments of hesitation that may affect the overall flow.),"[{""end"":2.937032967032967,""start"":0,""labels"":[""3 (Somewhat inaccurate but quite understandable)""],""channel"":0},{""end"":5.86434065934066,""start"":3.0537362637362633,""labels"":[""3 (Somewhat inaccurate but quite understandable)""],""channel"":0},{""end"":8.013626373626373,""start"":6.331153846153845,""labels"":[""3 (Somewhat inaccurate but quite understandable)""],""channel"":0},{""end"":9.034780219780219,""start"":8.276208791208791,""labels"":[""3 (Somewhat inaccurate but quite understandable)""],""channel"":0},{""end"":9.851703296703297,""start"":9.054230769230768,""labels"":[""2 (Challenging to recognize but understandable)""],""channel"":0},{""end"":10.62,""start"":9.958681318681318,""labels"":[""3 (Somewhat inaccurate but quite understandable)""],""channel"":0}]","3 (Moderate Prosody, there are noticeable variations in pitch and rhythm, but they may not always align perfectly with the content.)"
"3 (Fair. Some noticeable pronunciation errors exist, requiring occasional listener effort for comprehension.)",2,81e79f7b-8307-4a89-8962-620518182822---a9c5bacd-c3bb-4503-ab05-757f7594ca3.wav,"4 (Mostly Fluent with occasional minor pauses, repetition, and stammering.)","[{""end"":5.745401069518717,""start"":4.117379679144385,""labels"":[""Stress errors (the stress is incorrectly placed on different syllables)""],""channel"":0},{""end"":4.07951871657754,""start"":0.037860962566844916,""labels"":[""4 (Good)""],""channel"":0},{""end"":10.563208556149732,""start"":8.991978609625667,""labels"":[""2 (Challenging to recognize but understandable)""],""channel"":0},{""end"":8.878395721925134,""start"":6.370106951871658,""labels"":[""4 (Good)""],""channel"":0}]","4 (Good Prosody, prosodic elements are generally well-controlled, with some variations in pitch and rhythm.)"
"4 (Good. Minor pronunciation errors may be present, but overall, the speaker's pronunciation is highly accurate and easily understandable.)",4,81e79f7b-8307-4a89-8962-620518182822---a9c5bacd-c3bb-4503-ab05-757f7594ca3.wav,"3 (Moderately Fluent with noticeable hesitations, but the communication is still coherent.)","[{""end"":2.9356935014548977,""start"":2.121939864209505,""labels"":[""3 (Somewhat inaccurate but quite understandable)""],""channel"":0},{""end"":5.758079534432589,""start"":5.397555771096022,""labels"":[""Stress errors (the stress is incorrectly placed on different syllables)""],""channel"":0},{""end"":8.652570320077594,""start"":8.312647914645975,""labels"":[""3 (Somewhat inaccurate but quite understandable)""],""channel"":0},{""end"":10.62,""start"":10.424287099903006,""labels"":[""3 (Somewhat inaccurate but quite understandable)""],""channel"":0},{""end"":2.091037827352085,""start"":0,""labels"":[""4 (Good)""],""channel"":0},{""end"":5.346052376333657,""start"":3.0696023278370514,""labels"":[""4 (Good)""],""channel"":0},{""end"":8.055130940834141,""start"":6.345218234723569,""labels"":[""4 (Good)""],""channel"":0},{""end"":10.413986420950533,""start"":8.693773035887487,""labels"":[""4 (Good)""],""channel"":0}]","3 (Moderate Prosody, there are noticeable variations in pitch and rhythm, but they may not always align perfectly with the content.)"
"4 (Good. Minor pronunciation errors may be present, but overall, the speaker's pronunciation is highly accurate and easily understandable.)",5,81e79f7b-8307-4a89-8962-620518182822---a9c5bacd-c3bb-4503-ab05-757f7594ca3.wav,"4 (Mostly Fluent with occasional minor pauses, repetition, and stammering.)","[{""end"":9.865573770491803,""start"":9.145967213114755,""labels"":[""3 (Somewhat inaccurate but quite understandable)""],""channel"":0},{""end"":10.62,""start"":9.993245901639343,""labels"":[""4 (Good)""],""channel"":0},{""end"":9.122754098360655,""start"":0.02321311475409836,""labels"":[""4 (Good)""],""channel"":0}]","4 (Good Prosody, prosodic elements are generally well-controlled, with some variations in pitch and rhythm.)"
"3 (Fair. Some noticeable pronunciation errors exist, requiring occasional listener effort for comprehension.)",3,27a83836-b0b9-45e0-b92a-20e52437029c---1a1ea112-8f77-4df4-9c3e-d6e3e233179.wav,"3 (Moderately Fluent with noticeable hesitations, but the communication is still coherent.)","[{""end"":7.007226463104325,""start"":6.523969465648855,""labels"":[""3 (Somewhat inaccurate but quite understandable)""],""channel"":0}]","3 (Moderate Prosody, there are noticeable variations in pitch and rhythm, but they may not always align perfectly with the content.)"
"3 (Fair. Some noticeable pronunciation errors exist, requiring occasional listener effort for comprehension.)",1,27a83836-b0b9-45e0-b92a-20e52437029c---1a1ea112-8f77-4df4-9c3e-d6e3e233179.wav,2 (Not Very Fluent. Speech is characterized by intermittent disruptions and pauses. There are moments of hesitation that may affect the overall flow.),"[{""end"":2.717490842490842,""start"":0.20652930402930403,""labels"":[""3 (Somewhat inaccurate but quite understandable)""],""channel"":0},{""end"":4.261025641025641,""start"":4.0001465201465205,""labels"":[""2 (Challenging to recognize but understandable)""],""channel"":0},{""end"":6.00021978021978,""start"":4.239285714285714,""labels"":[""3 (Somewhat inaccurate but quite understandable)""],""channel"":0},{""end"":7.565494505494504,""start"":6.511108058608059,""labels"":[""2 (Challenging to recognize but understandable)""],""channel"":0},{""end"":8.652490842490842,""start"":7.587234432234431,""labels"":[""3 (Somewhat inaccurate but quite understandable)""],""channel"":0},{""end"":11.87,""start"":9.119899267399267,""labels"":[""3 (Somewhat inaccurate but quite understandable)""],""channel"":0}]","3 (Moderate Prosody, there are noticeable variations in pitch and rhythm, but they may not always align perfectly with the content.)"
"4 (Good. Minor pronunciation errors may be present, but overall, the speaker's pronunciation is highly accurate and easily understandable.)",2,27a83836-b0b9-45e0-b92a-20e52437029c---1a1ea112-8f77-4df4-9c3e-d6e3e233179.wav,"4 (Mostly Fluent with occasional minor pauses, repetition, and stammering.)","[{""end"":3.3113279857397506,""start"":0.25390374331550797,""labels"":[""4 (Good)""],""channel"":0},{""end"":8.727941176470589,""start"":7.976809269162209,""labels"":[""Stress errors (the stress is incorrectly placed on different syllables)""],""channel"":0},{""end"":7.881595365418894,""start"":6.538021390374331,""labels"":[""4 (Good)""],""channel"":0},{""end"":6.083110516934045,""start"":3.8826114081996432,""labels"":[""4 (Good)""],""channel"":0},{""end"":11.859420677361854,""start"":9.172272727272727,""labels"":[""4 (Good)""],""channel"":0}]","4 (Good Prosody, prosodic elements are generally well-controlled, with some variations in pitch and rhythm.)"
"4 (Good. Minor pronunciation errors may be present, but overall, the speaker's pronunciation is highly accurate and easily understandable.)",4,27a83836-b0b9-45e0-b92a-20e52437029c---1a1ea112-8f77-4df4-9c3e-d6e3e233179.wav,"3 (Moderately Fluent with noticeable hesitations, but the communication is still coherent.)","[{""end"":2.4499127906976743,""start"":1.4147383720930229,""labels"":[""3 (Somewhat inaccurate but quite understandable)""],""channel"":0},{""end"":10.271230620155038,""start"":9.88016472868217,""labels"":[""3 (Somewhat inaccurate but quite understandable)""],""channel"":0},{""end"":1.403236434108527,""start"":0.35656007751937985,""labels"":[""4 (Good)""],""channel"":0},{""end"":5.946501937984496,""start"":3.9796705426356587,""labels"":[""4 (Good)""],""channel"":0},{""end"":8.695465116279069,""start"":6.533100775193798,""labels"":[""4 (Good)""],""channel"":0},{""end"":9.857160852713179,""start"":9.121036821705426,""labels"":[""4 (Good)""],""channel"":0},{""end"":11.87,""start"":10.317238372093023,""labels"":[""4 (Good)""],""channel"":0}]","4 (Good Prosody, prosodic elements are generally well-controlled, with some variations in pitch and rhythm.)"
5 (Excellent. The overall pronunciation of the sentence is nearly perfect with accurate articulation of all sounds.),5,27a83836-b0b9-45e0-b92a-20e52437029c---1a1ea112-8f77-4df4-9c3e-d6e3e233179.wav,"4 (Mostly Fluent with occasional minor pauses, repetition, and stammering.)","[{""end"":11.85702732240437,""start"":0.32431693989071037,""labels"":[""4 (Good)""],""channel"":0}]","4 (Good Prosody, prosodic elements are generally well-controlled, with some variations in pitch and rhythm.)"
"2 (Poor. Pronunciation issues are more pronounced, demanding listener effort for understanding.)",3,19b9a149-65ec-4556-bf41-7096820abfbe---0b4450f1-a4d4-4edd-bd77-3d2ebbe111b.wav,2 (Not Very Fluent. Speech is characterized by intermittent disruptions and pauses. There are moments of hesitation that may affect the overall flow.),"[{""end"":2.1726972010178116,""start"":1.476590330788804,""labels"":[""1 (Cannot recognize the word)""],""channel"":0}]","3 (Moderate Prosody, there are noticeable variations in pitch and rhythm, but they may not always align perfectly with the content.)"
"2 (Poor. Pronunciation issues are more pronounced, demanding listener effort for understanding.)",1,19b9a149-65ec-4556-bf41-7096820abfbe---0b4450f1-a4d4-4edd-bd77-3d2ebbe111b.wav,2 (Not Very Fluent. Speech is characterized by intermittent disruptions and pauses. There are moments of hesitation that may affect the overall flow.),"[{""end"":0.5921428571428571,""start"":0,""labels"":[""4 (Good)""],""channel"":0},{""end"":1.3057509157509155,""start"":0.8806227106227105,""labels"":[""3 (Somewhat inaccurate but quite understandable)""],""channel"":0},{""end"":1.837161172161172,""start"":1.3361172161172161,""labels"":[""2 (Challenging to recognize but understandable)""],""channel"":0},{""end"":2.2471062271062268,""start"":1.8523443223443223,""labels"":[""1 (Cannot recognize the word)""],""channel"":0},{""end"":4.721959706959706,""start"":4.0690842490842485,""labels"":[""2 (Challenging to recognize but understandable)""],""channel"":0},{""end"":7.546025641025641,""start"":6.346556776556777,""labels"":[""3 (Somewhat inaccurate but quite understandable)""],""channel"":0},{""end"":8.39628205128205,""start"":7.895238095238094,""labels"":[""2 (Challenging to recognize but understandable)""],""channel"":0},{""end"":9.12507326007326,""start"":8.42664835164835,""labels"":[""3 (Somewhat inaccurate but quite understandable)""],""channel"":0},{""end"":10.704120879120879,""start"":9.610934065934066,""labels"":[""3 (Somewhat inaccurate but quite understandable)""],""channel"":0},{""end"":12.404633699633699,""start"":11.129249084249082,""labels"":[""2 (Challenging to recognize but understandable)""],""channel"":0},{""end"":14.10514652014652,""start"":13.103058608058607,""labels"":[""2 (Challenging to recognize but understandable)""],""channel"":0},{""end"":15.820842490842491,""start"":14.499908424908423,""labels"":[""3 (Somewhat inaccurate but quite understandable)""],""channel"":0},{""end"":16.58,""start"":16.185238095238095,""labels"":[""3 (Somewhat inaccurate but quite understandable)""],""channel"":0}]","1 (Poor Prosody, speech sound robotic or monotonous.)"
"3 (Fair. Some noticeable pronunciation errors exist, requiring occasional listener effort for comprehension.)",2,19b9a149-65ec-4556-bf41-7096820abfbe---0b4450f1-a4d4-4edd-bd77-3d2ebbe111b.wav,"3 (Moderately Fluent with noticeable hesitations, but the communication is still coherent.)","[{""end"":3.2953119429590014,""start"":1.5663814616755791,""labels"":[""1 (Cannot recognize the word)""],""channel"":0},{""end"":1.492495543672014,""start"":0.02955436720142602,""labels"":[""4 (Good)""],""channel"":0},{""end"":4.9060249554367195,""start"":3.3987522281639926,""labels"":[""4 (Good)""],""channel"":0},{""end"":7.595472370766488,""start"":5.467557932263814,""labels"":[""3 (Somewhat inaccurate but quite understandable)""],""channel"":0},{""end"":14.481639928698751,""start"":13.077807486631015,""labels"":[""2 (Challenging to recognize but understandable)""],""channel"":0},{""end"":12.338948306595364,""start"":11.09766488413547,""labels"":[""4 (Good)""],""channel"":0},{""end"":16.55044563279857,""start"":14.555525846702317,""labels"":[""4 (Good)""],""channel"":0}]","4 (Good Prosody, prosodic elements are generally well-controlled, with some variations in pitch and rhythm.)"
"2 (Poor. Pronunciation issues are more pronounced, demanding listener effort for understanding.)",4,19b9a149-65ec-4556-bf41-7096820abfbe---0b4450f1-a4d4-4edd-bd77-3d2ebbe111b.wav,2 (Not Very Fluent. Speech is characterized by intermittent disruptions and pauses. There are moments of hesitation that may affect the overall flow.),"[{""end"":2.2010271317829457,""start"":0,""labels"":[""Stress errors (the stress is incorrectly placed on different syllables)""],""channel"":0},{""end"":4.6591085271317825,""start"":3.9843410852713177,""labels"":[""4 (Good)""],""channel"":0},{""end"":3.7754844961240304,""start"":3.2613759689922475,""labels"":[""4 (Good)""],""channel"":0},{""end"":6.795872093023255,""start"":5.49453488372093,""labels"":[""4 (Good)""],""channel"":0},{""end"":7.117189922480619,""start"":6.892267441860465,""labels"":[""2 (Challenging to recognize but understandable)""],""channel"":0},{""end"":7.583100775193797,""start"":7.149321705426356,""labels"":[""3 (Somewhat inaccurate but quite understandable)""],""channel"":0},{""end"":8.37032945736434,""start"":7.759825581395348,""labels"":[""2 (Challenging to recognize but understandable)""],""channel"":0},{""end"":10.603488372093022,""start"":9.63953488372093,""labels"":[""3 (Somewhat inaccurate but quite understandable)""],""channel"":0},{""end"":9.18968992248062,""start"":8.402461240310076,""labels"":[""4 (Good)""],""channel"":0},{""end"":14.105852713178292,""start"":13.109767441860463,""labels"":[""1 (Cannot recognize the word)""],""channel"":0},{""end"":12.258275193798449,""start"":11.133662790697672,""labels"":[""3 (Somewhat inaccurate but quite understandable)""],""channel"":0},{""end"":15.648178294573642,""start"":14.571763565891471,""labels"":[""4 (Good)""],""channel"":0},{""end"":16.56393410852713,""start"":16.11408914728682,""labels"":[""3 (Somewhat inaccurate but quite understandable)""],""channel"":0}]","2 (Limited Prosody, speech may sound somewhat monotonous, impacting the overall expressiveness of the communication.)"
"4 (Good. Minor pronunciation errors may be present, but overall, the speaker's pronunciation is highly accurate and easily understandable.)",5,19b9a149-65ec-4556-bf41-7096820abfbe---0b4450f1-a4d4-4edd-bd77-3d2ebbe111b.wav,"3 (Moderately Fluent with noticeable hesitations, but the communication is still coherent.)","[{""end"":10.219803278688524,""start"":9.603715846994534,""labels"":[""3 (Somewhat inaccurate but quite understandable)""],""channel"":0},{""end"":14.170010928961748,""start"":13.753245901639344,""labels"":[""3 (Somewhat inaccurate but quite understandable)""],""channel"":0},{""end"":13.735125683060108,""start"":10.237923497267758,""labels"":[""4 (Good)""],""channel"":0},{""end"":16.58,""start"":14.568655737704916,""labels"":[""4 (Good)""],""channel"":0},{""end"":9.132590163934426,""start"":0.01812021857923497,""labels"":[""4 (Good)""],""channel"":0}]","3 (Moderate Prosody, there are noticeable variations in pitch and rhythm, but they may not always align perfectly with the content.)"
"2 (Poor. Pronunciation issues are more pronounced, demanding listener effort for understanding.)",3,7bbeebc3-7acf-489e-88a4-f50a7013821d---b2df9c8f-5102-49ed-8d4a-72ab02c6bb0.wav,"3 (Moderately Fluent with noticeable hesitations, but the communication is still coherent.)","[{""end"":7.6616030534351145,""start"":7.1951781170483455,""labels"":[""2 (Challenging to recognize but understandable)""],""channel"":0},{""end"":2.5920992366412214,""start"":1.9268702290076334,""labels"":[""3 (Somewhat inaccurate but quite understandable)""],""channel"":0},{""end"":11.65297709923664,""start"":9.993727735368957,""labels"":[""2 (Challenging to recognize but understandable)""],""channel"":0}]","2 (Limited Prosody, speech may sound somewhat monotonous, impacting the overall expressiveness of the communication.)"
"3 (Fair. Some noticeable pronunciation errors exist, requiring occasional listener effort for comprehension.)",1,7bbeebc3-7acf-489e-88a4-f50a7013821d---b2df9c8f-5102-49ed-8d4a-72ab02c6bb0.wav,"3 (Moderately Fluent with noticeable hesitations, but the communication is still coherent.)","[{""end"":1.1117399267399268,""start"":0,""labels"":[""2 (Challenging to recognize but understandable)""],""channel"":0},{""end"":2.905934065934066,""start"":1.452967032967033,""labels"":[""3 (Somewhat inaccurate but quite understandable)""],""channel"":0},{""end"":4.21580586080586,""start"":3.258168498168498,""labels"":[""3 (Somewhat inaccurate but quite understandable)""],""channel"":0},{""end"":5.338553113553113,""start"":4.590054945054945,""labels"":[""3 (Somewhat inaccurate but quite understandable)""],""channel"":0},{""end"":6.39525641025641,""start"":5.4596336996337,""labels"":[""2 (Challenging to recognize but understandable)""],""channel"":0},{""end"":8.585714285714285,""start"":6.527344322344321,""labels"":[""3 (Somewhat inaccurate but quite understandable)""],""channel"":0},{""end"":12.02,""start"":9.026007326007326,""labels"":[""3 (Somewhat inaccurate but quite understandable)""],""channel"":0}]","2 (Limited Prosody, speech may sound somewhat monotonous, impacting the overall expressiveness of the communication.)"
"2 (Poor. Pronunciation issues are more pronounced, demanding listener effort for understanding.)",2,7bbeebc3-7acf-489e-88a4-f50a7013821d---b2df9c8f-5102-49ed-8d4a-72ab02c6bb0.wav,2 (Not Very Fluent. Speech is characterized by intermittent disruptions and pauses. There are moments of hesitation that may affect the overall flow.),"[{""end"":5.388645276292335,""start"":2.228306595365419,""labels"":[""2 (Challenging to recognize but understandable)""],""channel"":0},{""end"":2.174741532976827,""start"":0.1071301247771836,""labels"":[""3 (Somewhat inaccurate but quite understandable)""],""channel"":0},{""end"":12.02,""start"":8.956078431372548,""labels"":[""4 (Good)""],""channel"":0},{""end"":8.591836007130125,""start"":6.406381461675579,""labels"":[""3 (Somewhat inaccurate but quite understandable)""],""channel"":0},{""end"":6.2778253119429595,""start"":5.4850623885918,""labels"":[""2 (Challenging to recognize but understandable)""],""channel"":0}]","3 (Moderate Prosody, there are noticeable variations in pitch and rhythm, but they may not always align perfectly with the content.)"
"3 (Fair. Some noticeable pronunciation errors exist, requiring occasional listener effort for comprehension.)",4,7bbeebc3-7acf-489e-88a4-f50a7013821d---b2df9c8f-5102-49ed-8d4a-72ab02c6bb0.wav,"3 (Moderately Fluent with noticeable hesitations, but the communication is still coherent.)","[{""end"":1.0831976744186045,""start"":0,""labels"":[""2 (Challenging to recognize but understandable)""],""channel"":0},{""end"":12.02,""start"":10.016666666666667,""labels"":[""4 (Good)""],""channel"":0},{""end"":9.57406976744186,""start"":9.003352713178295,""labels"":[""4 (Good)""],""channel"":0},{""end"":8.514166666666666,""start"":8.153100775193797,""labels"":[""2 (Challenging to recognize but understandable)""],""channel"":0},{""end"":8.141453488372093,""start"":4.554089147286821,""labels"":[""4 (Good)""],""channel"":0},{""end"":4.181375968992248,""start"":3.237945736434108,""labels"":[""2 (Challenging to recognize but understandable)""],""channel"":0},{""end"":2.8768798449612403,""start"":1.4093217054263565,""labels"":[""1 (Cannot recognize the word)""],""channel"":0}]","4 (Good Prosody, prosodic elements are generally well-controlled, with some variations in pitch and rhythm.)"
"3 (Fair. Some noticeable pronunciation errors exist, requiring occasional listener effort for comprehension.)",5,7bbeebc3-7acf-489e-88a4-f50a7013821d---b2df9c8f-5102-49ed-8d4a-72ab02c6bb0.wav,"4 (Mostly Fluent with occasional minor pauses, repetition, and stammering.)","[{""end"":12.02,""start"":8.985442622950819,""labels"":[""4 (Good)""],""channel"":0},{""end"":8.591344262295081,""start"":6.515759562841529,""labels"":[""4 (Good)""],""channel"":0},{""end"":6.3318469945355185,""start"":4.492721311475409,""labels"":[""4 (Good)""],""channel"":0},{""end"":3.743934426229508,""start"":3.284153005464481,""labels"":[""4 (Good)""],""channel"":0},{""end"":4.164306010928962,""start"":3.757071038251366,""labels"":[""3 (Somewhat inaccurate but quite understandable)""],""channel"":0},{""end"":1.1560218579234973,""start"":0.44664480874316936,""labels"":[""4 (Good)""],""channel"":0},{""end"":2.9031912568306013,""start"":1.8128524590163935,""labels"":[""2 (Challenging to recognize but understandable)""],""channel"":0},{""end"":1.7865792349726775,""start"":1.4844371584699452,""labels"":[""4 (Good)""],""channel"":0}]","3 (Moderate Prosody, there are noticeable variations in pitch and rhythm, but they may not always align perfectly with the content.)"
"2 (Poor. Pronunciation issues are more pronounced, demanding listener effort for understanding.)",3,7b34d27c-a0dc-47ae-a8bd-956f02995342---b854e45b-358b-491a-b015-c2d7cc207dc.wav,2 (Not Very Fluent. Speech is characterized by intermittent disruptions and pauses. There are moments of hesitation that may affect the overall flow.),"[{""end"":16.34,""start"":15.27977099236641,""labels"":[""2 (Challenging to recognize but understandable)""],""channel"":0}]","2 (Limited Prosody, speech may sound somewhat monotonous, impacting the overall expressiveness of the communication.)"
"3 (Fair. Some noticeable pronunciation errors exist, requiring occasional listener effort for comprehension.)",1,7b34d27c-a0dc-47ae-a8bd-956f02995342---b854e45b-358b-491a-b015-c2d7cc207dc.wav,"3 (Moderately Fluent with noticeable hesitations, but the communication is still coherent.)","[{""end"":3.3966849816849813,""start"":0,""labels"":[""3 (Somewhat inaccurate but quite understandable)""],""channel"":0},{""end"":4.593754578754579,""start"":3.4864652014652013,""labels"":[""4 (Good)""],""channel"":0},{""end"":6.673663003663004,""start"":5.910531135531135,""labels"":[""4 (Good)""],""channel"":0},{""end"":7.840805860805861,""start"":6.913076923076923,""labels"":[""3 (Somewhat inaccurate but quite understandable)""],""channel"":0},{""end"":8.933131868131866,""start"":8.09518315018315,""labels"":[""4 (Good)""],""channel"":0},{""end"":9.726190476190476,""start"":8.978021978021978,""labels"":[""2 (Challenging to recognize but understandable)""],""channel"":0},{""end"":10.175091575091574,""start"":9.741153846153846,""labels"":[""4 (Good)""],""channel"":0},{""end"":11.342234432234433,""start"":10.519249084249084,""labels"":[""4 (Good)""],""channel"":0},{""end"":11.970695970695969,""start"":11.327271062271063,""labels"":[""2 (Challenging to recognize but understandable)""],""channel"":0},{""end"":13.706446886446887,""start"":12.000622710622709,""labels"":[""3 (Somewhat inaccurate but quite understandable)""],""channel"":0},{""end"":14.634175824175825,""start"":14.050604395604397,""labels"":[""3 (Somewhat inaccurate but quite understandable)""],""channel"":0},{""end"":16.34,""start"":14.664102564102565,""labels"":[""2 (Challenging to recognize but understandable)""],""channel"":0}]","2 (Limited Prosody, speech may sound somewhat monotonous, impacting the overall expressiveness of the communication.)"
"3 (Fair. Some noticeable pronunciation errors exist, requiring occasional listener effort for comprehension.)",2,7b34d27c-a0dc-47ae-a8bd-956f02995342---b854e45b-358b-491a-b015-c2d7cc207dc.wav,2 (Not Very Fluent. Speech is characterized by intermittent disruptions and pauses. There are moments of hesitation that may affect the overall flow.),"[{""end"":7.87873440285205,""start"":6.7573618538324425,""labels"":[""2 (Challenging to recognize but understandable)""],""channel"":0},{""end"":6.684545454545455,""start"":5.767058823529412,""labels"":[""4 (Good)""],""channel"":0},{""end"":4.660249554367201,""start"":0,""labels"":[""4 (Good)""],""channel"":0},{""end"":12.20402852049911,""start"":9.873903743315509,""labels"":[""3 (Somewhat inaccurate but quite understandable)""],""channel"":0},{""end"":9.815650623885917,""start"":8.097183600713011,""labels"":[""4 (Good)""],""channel"":0},{""end"":15.204064171122996,""start"":12.291408199643493,""labels"":[""4 (Good)""],""channel"":0},{""end"":16.34,""start"":15.233190730837789,""labels"":[""2 (Challenging to recognize but understandable)""],""channel"":0}]","4 (Good Prosody, prosodic elements are generally well-controlled, with some variations in pitch and rhythm.)"
"2 (Poor. Pronunciation issues are more pronounced, demanding listener effort for understanding.)",4,7b34d27c-a0dc-47ae-a8bd-956f02995342---b854e45b-358b-491a-b015-c2d7cc207dc.wav,2 (Not Very Fluent. Speech is characterized by intermittent disruptions and pauses. There are moments of hesitation that may affect the overall flow.),"[{""end"":7.8533333333333335,""start"":6.903333333333332,""labels"":[""3 (Somewhat inaccurate but quite understandable)""],""channel"":0},{""end"":2.248333333333333,""start"":0,""labels"":[""4 (Good)""],""channel"":0},{""end"":4.433333333333333,""start"":2.723333333333333,""labels"":[""4 (Good)""],""channel"":0},{""end"":6.6975,""start"":5.9375,""labels"":[""4 (Good)""],""channel"":0},{""end"":10.149166666666666,""start"":8.075,""labels"":[""1 (Cannot recognize the word)""],""channel"":0},{""end"":13.569166666666668,""start"":10.624166666666667,""labels"":[""3 (Somewhat inaccurate but quite understandable)""],""channel"":0},{""end"":15.073333333333332,""start"":14.044166666666666,""labels"":[""1 (Cannot recognize the word)""],""channel"":0},{""end"":16.324166666666667,""start"":15.263333333333334,""labels"":[""1 (Cannot recognize the word)""],""channel"":0}]","2 (Limited Prosody, speech may sound somewhat monotonous, impacting the overall expressiveness of the communication.)"
"4 (Good. Minor pronunciation errors may be present, but overall, the speaker's pronunciation is highly accurate and easily understandable.)",5,7b34d27c-a0dc-47ae-a8bd-956f02995342---b854e45b-358b-491a-b015-c2d7cc207dc.wav,"3 (Moderately Fluent with noticeable hesitations, but the communication is still coherent.)","[{""end"":4.535912568306011,""start"":0.5535956284153005,""labels"":[""4 (Good)""],""channel"":0},{""end"":8.018207650273224,""start"":5.928830601092896,""labels"":[""4 (Good)""],""channel"":0},{""end"":15.679256830601092,""start"":15.30424043715847,""labels"":[""1 (Cannot recognize the word)""],""channel"":0},{""end"":16.34,""start"":15.661398907103825,""labels"":[""4 (Good)""],""channel"":0},{""end"":8.982535519125683,""start"":8.107497267759562,""labels"":[""4 (Good)""],""channel"":0},{""end"":9.17897267759563,""start"":8.928961748633881,""labels"":[""3 (Somewhat inaccurate but quite understandable)""],""channel"":0},{""end"":15.072087431693989,""start"":9.196830601092895,""labels"":[""4 (Good)""],""channel"":0}]","3 (Moderate Prosody, there are noticeable variations in pitch and rhythm, but they may not always align perfectly with the content.)"
"2 (Poor. Pronunciation issues are more pronounced, demanding listener effort for understanding.)",3,7b34d27c-a0dc-47ae-a8bd-956f02995342---70f4dd53-bae8-40aa-9ade-9296db1707a.wav,"3 (Moderately Fluent with noticeable hesitations, but the communication is still coherent.)","[{""end"":7.3705852417302795,""start"":5.591043256997455,""labels"":[""2 (Challenging to recognize but understandable)""],""channel"":0}]","2 (Limited Prosody, speech may sound somewhat monotonous, impacting the overall expressiveness of the communication.)"
"2 (Poor. Pronunciation issues are more pronounced, demanding listener effort for understanding.)",1,7b34d27c-a0dc-47ae-a8bd-956f02995342---70f4dd53-bae8-40aa-9ade-9296db1707a.wav,"3 (Moderately Fluent with noticeable hesitations, but the communication is still coherent.)","[{""end"":0.8720879120879121,""start"":0,""labels"":[""3 (Somewhat inaccurate but quite understandable)""],""channel"":0},{""end"":1.9076923076923078,""start"":1.2354578754578756,""labels"":[""2 (Challenging to recognize but understandable)""],""channel"":0},{""end"":2.7071062271062267,""start"":1.944029304029304,""labels"":[""3 (Somewhat inaccurate but quite understandable)""],""channel"":0},{""end"":3.3975091575091576,""start"":2.6889377289377285,""labels"":[""2 (Challenging to recognize but understandable)""],""channel"":0},{""end"":4.905494505494506,""start"":3.3975091575091576,""labels"":[""3 (Somewhat inaccurate but quite understandable)""],""channel"":0},{""end"":7.3764102564102565,""start"":5.323369963369963,""labels"":[""1 (Cannot recognize the word)""],""channel"":0},{""end"":8.866227106227107,""start"":7.485421245421245,""labels"":[""3 (Somewhat inaccurate but quite understandable)""],""channel"":0},{""end"":9.556630036630036,""start"":8.866227106227107,""labels"":[""4 (Good)""],""channel"":0},{""end"":12.554432234432234,""start"":9.938168498168498,""labels"":[""3 (Somewhat inaccurate but quite understandable)""],""channel"":0},{""end"":15.552234432234433,""start"":13.172161172161172,""labels"":[""3 (Somewhat inaccurate but quite understandable)""],""channel"":0},{""end"":16.933040293040293,""start"":15.552234432234432,""labels"":[""1 (Cannot recognize the word)""],""channel"":0},{""end"":18.622710622710624,""start"":17.27824175824176,""labels"":[""3 (Somewhat inaccurate but quite understandable)""],""channel"":0},{""end"":19.84,""start"":19.02241758241758,""labels"":[""4 (Good)""],""channel"":0}]","3 (Moderate Prosody, there are noticeable variations in pitch and rhythm, but they may not always align perfectly with the content.)"
"3 (Fair. Some noticeable pronunciation errors exist, requiring occasional listener effort for comprehension.)",2,7b34d27c-a0dc-47ae-a8bd-956f02995342---70f4dd53-bae8-40aa-9ade-9296db1707a.wav,"3 (Moderately Fluent with noticeable hesitations, but the communication is still coherent.)","[{""end"":3.854830659536542,""start"":2.15729055258467,""labels"":[""3 (Somewhat inaccurate but quite understandable)""],""channel"":0},{""end"":2.0688770053475936,""start"":0,""labels"":[""4 (Good)""],""channel"":0},{""end"":9.035864527629233,""start"":5.817611408199643,""labels"":[""1 (Cannot recognize the word)""],""channel"":0},{""end"":5.746880570409982,""start"":3.8901960784313725,""labels"":[""4 (Good)""],""channel"":0},{""end"":19.76926916221034,""start"":13.049839572192512,""labels"":[""4 (Good)""],""channel"":0},{""end"":12.377896613190732,""start"":9.12427807486631,""labels"":[""4 (Good)""],""channel"":0}]","4 (Good Prosody, prosodic elements are generally well-controlled, with some variations in pitch and rhythm.)"
"3 (Fair. Some noticeable pronunciation errors exist, requiring occasional listener effort for comprehension.)",4,7b34d27c-a0dc-47ae-a8bd-956f02995342---70f4dd53-bae8-40aa-9ade-9296db1707a.wav,2 (Not Very Fluent. Speech is characterized by intermittent disruptions and pauses. There are moments of hesitation that may affect the overall flow.),"[{""end"":4.767751937984496,""start"":1.2688372093023257,""labels"":[""3 (Somewhat inaccurate but quite understandable)""],""channel"":0},{""end"":0.8266666666666667,""start"":0,""labels"":[""4 (Good)""],""channel"":0},{""end"":7.401550387596899,""start"":5.421395348837209,""labels"":[""2 (Challenging to recognize but understandable)""],""channel"":0},{""end"":9.535503875968992,""start"":7.555348837209302,""labels"":[""3 (Somewhat inaccurate but quite understandable)""],""channel"":0},{""end"":11.38108527131783,""start"":9.9584496124031,""labels"":[""4 (Good)""],""channel"":0},{""end"":12.45767441860465,""start"":11.746356589147288,""labels"":[""4 (Good)""],""channel"":0},{""end"":13.957209302325582,""start"":13.207441860465115,""labels"":[""4 (Good)""],""channel"":0},{""end"":15.033798449612403,""start"":14.053333333333335,""labels"":[""3 (Somewhat inaccurate but quite understandable)""],""channel"":0},{""end"":16.821705426356587,""start"":15.129922480620156,""labels"":[""4 (Good)""],""channel"":0},{""end"":18.186666666666667,""start"":17.206201550387597,""labels"":[""4 (Good)""],""channel"":0},{""end"":19.84,""start"":19.013333333333335,""labels"":[""4 (Good)""],""channel"":0}]","3 (Moderate Prosody, there are noticeable variations in pitch and rhythm, but they may not always align perfectly with the content.)"
"3 (Fair. Some noticeable pronunciation errors exist, requiring occasional listener effort for comprehension.)",5,7b34d27c-a0dc-47ae-a8bd-956f02995342---70f4dd53-bae8-40aa-9ade-9296db1707a.wav,"4 (Mostly Fluent with occasional minor pauses, repetition, and stammering.)","[{""end"":7.41560655737705,""start"":5.312349726775957,""labels"":[""1 (Cannot recognize the word)""],""channel"":0},{""end"":19.84,""start"":7.567387978142077,""labels"":[""4 (Good)""],""channel"":0},{""end"":4.748590163934426,""start"":0,""labels"":[""4 (Good)""],""channel"":0}]","4 (Good Prosody, prosodic elements are generally well-controlled, with some variations in pitch and rhythm.)"
"2 (Poor. Pronunciation issues are more pronounced, demanding listener effort for understanding.)",3,7b34d27c-a0dc-47ae-a8bd-956f02995342---64a6c36d-62db-4123-acf8-f882c18d1c4.wav,"3 (Moderately Fluent with noticeable hesitations, but the communication is still coherent.)","[{""end"":9.459618320610687,""start"":8.966259541984734,""labels"":[""2 (Challenging to recognize but understandable)""],""channel"":0},{""end"":5.169541984732824,""start"":4.5689312977099235,""labels"":[""2 (Challenging to recognize but understandable)""],""channel"":0},{""end"":2.820725190839694,""start"":2.059236641221374,""labels"":[""2 (Challenging to recognize but understandable)""],""channel"":0}]","3 (Moderate Prosody, there are noticeable variations in pitch and rhythm, but they may not always align perfectly with the content.)"
"2 (Poor. Pronunciation issues are more pronounced, demanding listener effort for understanding.)",1,7b34d27c-a0dc-47ae-a8bd-956f02995342---64a6c36d-62db-4123-acf8-f882c18d1c4.wav,"3 (Moderately Fluent with noticeable hesitations, but the communication is still coherent.)","[{""end"":1.9453846153846153,""start"":0.01543956043956044,""labels"":[""3 (Somewhat inaccurate but quite understandable)""],""channel"":0},{""end"":2.8717582417582417,""start"":1.9453846153846155,""labels"":[""2 (Challenging to recognize but understandable)""],""channel"":0},{""end"":4.19956043956044,""start"":2.9026373626373627,""labels"":[""3 (Somewhat inaccurate but quite understandable)""],""channel"":0},{""end"":5.172252747252747,""start"":4.19956043956044,""labels"":[""2 (Challenging to recognize but understandable)""],""channel"":0},{""end"":6.31478021978022,""start"":5.619999999999999,""labels"":[""2 (Challenging to recognize but understandable)""],""channel"":0},{""end"":6.777967032967033,""start"":6.33021978021978,""labels"":[""3 (Somewhat inaccurate but quite understandable)""],""channel"":0},{""end"":8.368241758241759,""start"":6.824285714285714,""labels"":[""1 (Cannot recognize the word)""],""channel"":0},{""end"":9.433571428571428,""start"":8.707912087912089,""labels"":[""2 (Challenging to recognize but understandable)""],""channel"":0},{""end"":10.082032967032966,""start"":9.449010989010988,""labels"":[""3 (Somewhat inaccurate but quite understandable)""],""channel"":0},{""end"":11.579670329670328,""start"":10.390824175824177,""labels"":[""2 (Challenging to recognize but understandable)""],""channel"":0},{""end"":12.428846153846154,""start"":11.641428571428571,""labels"":[""3 (Somewhat inaccurate but quite understandable)""],""channel"":0},{""end"":14.327912087912088,""start"":12.722197802197801,""labels"":[""3 (Somewhat inaccurate but quite understandable)""],""channel"":0},{""end"":16.86,""start"":14.358791208791208,""labels"":[""2 (Challenging to recognize but understandable)""],""channel"":0}]","4 (Good Prosody, prosodic elements are generally well-controlled, with some variations in pitch and rhythm.)"
"3 (Fair. Some noticeable pronunciation errors exist, requiring occasional listener effort for comprehension.)",2,7b34d27c-a0dc-47ae-a8bd-956f02995342---64a6c36d-62db-4123-acf8-f882c18d1c4.wav,5 (Fluent without noticeable pauses or stammering.)                        ,"[{""end"":12.487219251336898,""start"":10.39850267379679,""labels"":[""3 (Somewhat inaccurate but quite understandable)""],""channel"":0},{""end"":16.814919786096254,""start"":12.772727272727272,""labels"":[""3 (Somewhat inaccurate but quite understandable)""],""channel"":0},{""end"":5.619999999999999,""start"":4.628235294117648,""labels"":[""2 (Challenging to recognize but understandable)""],""channel"":0},{""end"":4.553101604278075,""start"":0.015026737967914438,""labels"":[""4 (Good)""],""channel"":0},{""end"":10.278288770053475,""start"":8.6403743315508,""labels"":[""3 (Somewhat inaccurate but quite understandable)""],""channel"":0},{""end"":8.445026737967913,""start"":5.725187165775401,""labels"":[""1 (Cannot recognize the word)""],""channel"":0}]","4 (Good Prosody, prosodic elements are generally well-controlled, with some variations in pitch and rhythm.)"
"3 (Fair. Some noticeable pronunciation errors exist, requiring occasional listener effort for comprehension.)",4,7b34d27c-a0dc-47ae-a8bd-956f02995342---64a6c36d-62db-4123-acf8-f882c18d1c4.wav,"3 (Moderately Fluent with noticeable hesitations, but the communication is still coherent.)","[{""end"":2.891686046511628,""start"":1.9931395348837209,""labels"":[""3 (Somewhat inaccurate but quite understandable)""],""channel"":0},{""end"":5.227906976744186,""start"":4.77046511627907,""labels"":[""2 (Challenging to recognize but understandable)""],""channel"":0},{""end"":8.446337209302325,""start"":6.76360465116279,""labels"":[""1 (Cannot recognize the word)""],""channel"":0},{""end"":9.393895348837209,""start"":9.099825581395347,""labels"":[""2 (Challenging to recognize but understandable)""],""channel"":0},{""end"":14.866860465116279,""start"":14.556453488372092,""labels"":[""3 (Somewhat inaccurate but quite understandable)""],""channel"":0},{""end"":16.82732558139535,""start"":14.964883720930233,""labels"":[""4 (Good)""],""channel"":0},{""end"":10.16174418604651,""start"":9.508255813953488,""labels"":[""4 (Good)""],""channel"":0},{""end"":12.334593023255813,""start"":10.390465116279069,""labels"":[""4 (Good)""],""channel"":0},{""end"":14.49110465116279,""start"":12.726686046511627,""labels"":[""4 (Good)""],""channel"":0},{""end"":6.730930232558139,""start"":5.636337209302325,""labels"":[""4 (Good)""],""channel"":0},{""end"":9.05081395348837,""start"":8.626046511627907,""labels"":[""4 (Good)""],""channel"":0},{""end"":4.721453488372092,""start"":2.9406976744186046,""labels"":[""4 (Good)""],""channel"":0},{""end"":1.9604651162790696,""start"":0,""labels"":[""4 (Good)""],""channel"":0}]","3 (Moderate Prosody, there are noticeable variations in pitch and rhythm, but they may not always align perfectly with the content.)"
"3 (Fair. Some noticeable pronunciation errors exist, requiring occasional listener effort for comprehension.)",5,7b34d27c-a0dc-47ae-a8bd-956f02995342---64a6c36d-62db-4123-acf8-f882c18d1c4.wav,"4 (Mostly Fluent with occasional minor pauses, repetition, and stammering.)","[{""end"":5.2330491803278685,""start"":4.772393442622951,""labels"":[""Stress errors (the stress is incorrectly placed on different syllables)""],""channel"":0},{""end"":7.702163934426229,""start"":6.7992786885245895,""labels"":[""3 (Somewhat inaccurate but quite understandable)""],""channel"":0},{""end"":9.544786885245902,""start"":9.10255737704918,""labels"":[""Stress errors (the stress is incorrectly placed on different syllables)""],""channel"":0},{""end"":14.906819672131146,""start"":14.556721311475409,""labels"":[""Stress errors (the stress is incorrectly placed on different syllables)""],""channel"":0},{""end"":4.753967213114754,""start"":0.01842622950819672,""labels"":[""4 (Good)""],""channel"":0},{""end"":6.780852459016393,""start"":5.656852459016393,""labels"":[""4 (Good)""],""channel"":0},{""end"":9.065704918032786,""start"":7.757442622950819,""labels"":[""4 (Good)""],""channel"":0},{""end"":14.538295081967213,""start"":9.563213114754099,""labels"":[""4 (Good)""],""channel"":0},{""end"":16.86,""start"":14.980524590163935,""labels"":[""4 (Good)""],""channel"":0}]","4 (Good Prosody, prosodic elements are generally well-controlled, with some variations in pitch and rhythm.)"
"3 (Fair. Some noticeable pronunciation errors exist, requiring occasional listener effort for comprehension.)",3,7b34d27c-a0dc-47ae-a8bd-956f02995342---54d46d25-d915-4cd6-b205-35cc9758db1.wav,"3 (Moderately Fluent with noticeable hesitations, but the communication is still coherent.)","[{""end"":4.276908396946565,""start"":3.928625954198473,""labels"":[""2 (Challenging to recognize but understandable)""],""channel"":0}]","2 (Limited Prosody, speech may sound somewhat monotonous, impacting the overall expressiveness of the communication.)"
"3 (Fair. Some noticeable pronunciation errors exist, requiring occasional listener effort for comprehension.)",1,7b34d27c-a0dc-47ae-a8bd-956f02995342---54d46d25-d915-4cd6-b205-35cc9758db1.wav,"3 (Moderately Fluent with noticeable hesitations, but the communication is still coherent.)","[{""end"":2.326373626373626,""start"":0,""labels"":[""3 (Somewhat inaccurate but quite understandable)""],""channel"":0},{""end"":3.7603021978021975,""start"":2.336401098901099,""labels"":[""2 (Challenging to recognize but understandable)""],""channel"":0},{""end"":4.462225274725275,""start"":3.920741758241758,""labels"":[""2 (Challenging to recognize but understandable)""],""channel"":0},{""end"":5.705631868131868,""start"":4.773076923076923,""labels"":[""3 (Somewhat inaccurate but quite understandable)""],""channel"":0},{""end"":9.48598901098901,""start"":7.691071428571427,""labels"":[""3 (Somewhat inaccurate but quite understandable)""],""channel"":0},{""end"":10.95,""start"":9.716620879120878,""labels"":[""3 (Somewhat inaccurate but quite understandable)""],""channel"":0}]","2 (Limited Prosody, speech may sound somewhat monotonous, impacting the overall expressiveness of the communication.)"
"4 (Good. Minor pronunciation errors may be present, but overall, the speaker's pronunciation is highly accurate and easily understandable.)",2,7b34d27c-a0dc-47ae-a8bd-956f02995342---54d46d25-d915-4cd6-b205-35cc9758db1.wav,"3 (Moderately Fluent with noticeable hesitations, but the communication is still coherent.)","[{""end"":3.532887700534759,""start"":1.5907754010695185,""labels"":[""3 (Somewhat inaccurate but quite understandable)""],""channel"":0},{""end"":1.5127005347593583,""start"":0.03903743315508021,""labels"":[""4 (Good)""],""channel"":0},{""end"":10.95,""start"":7.534224598930481,""labels"":[""4 (Good)""],""channel"":0},{""end"":6.724197860962567,""start"":3.8549465240641707,""labels"":[""4 (Good)""],""channel"":0}]","4 (Good Prosody, prosodic elements are generally well-controlled, with some variations in pitch and rhythm.)"
"3 (Fair. Some noticeable pronunciation errors exist, requiring occasional listener effort for comprehension.)",4,7b34d27c-a0dc-47ae-a8bd-956f02995342---54d46d25-d915-4cd6-b205-35cc9758db1.wav,"3 (Moderately Fluent with noticeable hesitations, but the communication is still coherent.)","[{""end"":1.5066860465116279,""start"":1.071656976744186,""labels"":[""3 (Somewhat inaccurate but quite understandable)""],""channel"":0},{""end"":2.270639534883721,""start"":1.9098837209302324,""labels"":[""3 (Somewhat inaccurate but quite understandable)""],""channel"":0},{""end"":4.424563953488372,""start"":3.8515988372093024,""labels"":[""1 (Cannot recognize the word)""],""channel"":0},{""end"":9.284156976744185,""start"":8.90218023255814,""labels"":[""3 (Somewhat inaccurate but quite understandable)""],""channel"":0},{""end"":10.95,""start"":9.740406976744186,""labels"":[""4 (Good)""],""channel"":0},{""end"":8.88095930232558,""start"":7.692587209302325,""labels"":[""4 (Good)""],""channel"":0},{""end"":6.758866279069767,""start"":6.016133720930232,""labels"":[""4 (Good)""],""channel"":0},{""end"":5.644767441860465,""start"":4.7428779069767435,""labels"":[""4 (Good)""],""channel"":0},{""end"":3.8091569767441857,""start"":2.291860465116279,""labels"":[""4 (Good)""],""channel"":0},{""end"":1.8992732558139533,""start"":1.538517441860465,""labels"":[""4 (Good)""],""channel"":0},{""end"":1.0504360465116278,""start"":0,""labels"":[""4 (Good)""],""channel"":0}]","3 (Moderate Prosody, there are noticeable variations in pitch and rhythm, but they may not always align perfectly with the content.)"
"4 (Good. Minor pronunciation errors may be present, but overall, the speaker's pronunciation is highly accurate and easily understandable.)",5,7b34d27c-a0dc-47ae-a8bd-956f02995342---54d46d25-d915-4cd6-b205-35cc9758db1.wav,"4 (Mostly Fluent with occasional minor pauses, repetition, and stammering.)","[{""end"":3.3627868852459013,""start"":2.5609836065573766,""labels"":[""3 (Somewhat inaccurate but quite understandable)""],""channel"":0},{""end"":4.38,""start"":3.8773770491803274,""labels"":[""3 (Somewhat inaccurate but quite understandable)""],""channel"":0},{""end"":10.95,""start"":4.715081967213115,""labels"":[""4 (Good)""],""channel"":0},{""end"":3.8414754098360655,""start"":3.3747540983606554,""labels"":[""4 (Good)""],""channel"":0},{""end"":2.5131147540983605,""start"":0,""labels"":[""4 (Good)""],""channel"":0}]","4 (Good Prosody, prosodic elements are generally well-controlled, with some variations in pitch and rhythm.)"
"3 (Fair. Some noticeable pronunciation errors exist, requiring occasional listener effort for comprehension.)",3,6f3c7ed4-9c3e-4d3b-abfd-e84f954da44c---7e2036da-696c-4735-ac64-7de1d5d92b4.wav,"3 (Moderately Fluent with noticeable hesitations, but the communication is still coherent.)","[{""end"":4.392270992366413,""start"":3.809701017811705,""labels"":[""1 (Cannot recognize the word)""],""channel"":0}]","3 (Moderate Prosody, there are noticeable variations in pitch and rhythm, but they may not always align perfectly with the content.)"
5 (Excellent. The overall pronunciation of the sentence is nearly perfect with accurate articulation of all sounds.),1,6f3c7ed4-9c3e-4d3b-abfd-e84f954da44c---7e2036da-696c-4735-ac64-7de1d5d92b4.wav,"4 (Mostly Fluent with occasional minor pauses, repetition, and stammering.)","[{""end"":12.038965201465203,""start"":0.02206959706959707,""labels"":[""4 (Good)""],""channel"":0}]","4 (Good Prosody, prosodic elements are generally well-controlled, with some variations in pitch and rhythm.)"
5 (Excellent. The overall pronunciation of the sentence is nearly perfect with accurate articulation of all sounds.),2,6f3c7ed4-9c3e-4d3b-abfd-e84f954da44c---7e2036da-696c-4735-ac64-7de1d5d92b4.wav,5 (Fluent without noticeable pauses or stammering.)                        ,"[{""end"":1.911675579322638,""start"":0.2792335115864528,""labels"":[""4 (Good)""],""channel"":0},{""end"":5.326916221033868,""start"":1.9761140819964351,""labels"":[""4 (Good)""],""channel"":0},{""end"":8.838814616755794,""start"":5.616889483065954,""labels"":[""4 (Good)""],""channel"":0},{""end"":12.05,""start"":9.354322638146167,""labels"":[""4 (Good)""],""channel"":0}]","2 (Limited Prosody, speech may sound somewhat monotonous, impacting the overall expressiveness of the communication.)"
5 (Excellent. The overall pronunciation of the sentence is nearly perfect with accurate articulation of all sounds.),4,6f3c7ed4-9c3e-4d3b-abfd-e84f954da44c---7e2036da-696c-4735-ac64-7de1d5d92b4.wav,"4 (Mostly Fluent with occasional minor pauses, repetition, and stammering.)","[{""end"":1.214341085271318,""start"":0,""labels"":[""4 (Good)""],""channel"":0},{""end"":5.254360465116279,""start"":1.3778100775193798,""labels"":[""4 (Good)""],""channel"":0},{""end"":8.745591085271318,""start"":5.628003875968993,""labels"":[""4 (Good)""],""channel"":0},{""end"":12.05,""start"":9.364437984496124,""labels"":[""4 (Good)""],""channel"":0}]","5 (Excellent Prosody, expressive and well-modulated tone, enhancing communication with effective pitch and rhythm variations.)"
5 (Excellent. The overall pronunciation of the sentence is nearly perfect with accurate articulation of all sounds.),5,6f3c7ed4-9c3e-4d3b-abfd-e84f954da44c---7e2036da-696c-4735-ac64-7de1d5d92b4.wav,"4 (Mostly Fluent with occasional minor pauses, repetition, and stammering.)","[{""end"":12.05,""start"":0,""labels"":[""4 (Good)""],""channel"":0}]","4 (Good Prosody, prosodic elements are generally well-controlled, with some variations in pitch and rhythm.)"
"3 (Fair. Some noticeable pronunciation errors exist, requiring occasional listener effort for comprehension.)",3,5f97bbc9-c953-4143-a4fe-09006ba4c74a---92b07602-30f4-4899-831b-18091ea6063.wav,"3 (Moderately Fluent with noticeable hesitations, but the communication is still coherent.)","[{""end"":11.546335877862596,""start"":10.47554707379135,""labels"":[""3 (Somewhat inaccurate but quite understandable)""],""channel"":0}]","3 (Moderate Prosody, there are noticeable variations in pitch and rhythm, but they may not always align perfectly with the content.)"
"3 (Fair. Some noticeable pronunciation errors exist, requiring occasional listener effort for comprehension.)",1,5f97bbc9-c953-4143-a4fe-09006ba4c74a---92b07602-30f4-4899-831b-18091ea6063.wav,"3 (Moderately Fluent with noticeable hesitations, but the communication is still coherent.)","[{""end"":0.9743223443223445,""start"":0.1017948717948718,""labels"":[""3 (Somewhat inaccurate but quite understandable)""],""channel"":0},{""end"":1.4105860805860808,""start"":0.9888644688644689,""labels"":[""2 (Challenging to recognize but understandable)""],""channel"":0},{""end"":2.0940659340659344,""start"":1.4396703296703297,""labels"":[""3 (Somewhat inaccurate but quite understandable)""],""channel"":0},{""end"":6.471245421245421,""start"":3.1701831501831506,""labels"":[""3 (Somewhat inaccurate but quite understandable)""],""channel"":0},{""end"":9.132454212454212,""start"":6.631208791208792,""labels"":[""3 (Somewhat inaccurate but quite understandable)""],""channel"":0},{""end"":11.502820512820513,""start"":10.077692307692308,""labels"":[""2 (Challenging to recognize but understandable)""],""channel"":0},{""end"":15.88,""start"":11.968168498168499,""labels"":[""3 (Somewhat inaccurate but quite understandable)""],""channel"":0}]","3 (Moderate Prosody, there are noticeable variations in pitch and rhythm, but they may not always align perfectly with the content.)"
"4 (Good. Minor pronunciation errors may be present, but overall, the speaker's pronunciation is highly accurate and easily understandable.)",2,5f97bbc9-c953-4143-a4fe-09006ba4c74a---92b07602-30f4-4899-831b-18091ea6063.wav,"4 (Mostly Fluent with occasional minor pauses, repetition, and stammering.)","[{""end"":9.25625668449198,""start"":3.2269518716577545,""labels"":[""4 (Good)""],""channel"":0},{""end"":2.788199643493761,""start"":0,""labels"":[""4 (Good)""],""channel"":0},{""end"":11.619857397504456,""start"":9.97807486631016,""labels"":[""3 (Somewhat inaccurate but quite understandable)""],""channel"":0},{""end"":15.865846702317292,""start"":11.888770053475936,""labels"":[""3 (Somewhat inaccurate but quite understandable)""],""channel"":0}]","5 (Excellent Prosody, expressive and well-modulated tone, enhancing communication with effective pitch and rhythm variations.)"
"4 (Good. Minor pronunciation errors may be present, but overall, the speaker's pronunciation is highly accurate and easily understandable.)",4,5f97bbc9-c953-4143-a4fe-09006ba4c74a---92b07602-30f4-4899-831b-18091ea6063.wav,"3 (Moderately Fluent with noticeable hesitations, but the communication is still coherent.)","[{""end"":1.5079844961240312,""start"":1.0001937984496125,""labels"":[""3 (Somewhat inaccurate but quite understandable)""],""channel"":0},{""end"":6.339689922480621,""start"":5.754961240310077,""labels"":[""3 (Somewhat inaccurate but quite understandable)""],""channel"":0},{""end"":11.52531007751938,""start"":10.648217054263567,""labels"":[""3 (Somewhat inaccurate but quite understandable)""],""channel"":0},{""end"":14.525891472868217,""start"":11.925387596899226,""labels"":[""4 (Good)""],""channel"":0},{""end"":15.88,""start"":14.864418604651163,""labels"":[""4 (Good)""],""channel"":0},{""end"":10.602054263565892,""start"":10.01732558139535,""labels"":[""4 (Good)""],""channel"":0},{""end"":9.078682170542637,""start"":6.632054263565892,""labels"":[""4 (Good)""],""channel"":0},{""end"":5.708798449612403,""start"":3.1698449612403103,""labels"":[""4 (Good)""],""channel"":0},{""end"":2.7697674418604654,""start"":2.3235271317829462,""labels"":[""4 (Good)""],""channel"":0},{""end"":2.092713178294574,""start"":1.523372093023256,""labels"":[""4 (Good)""],""channel"":0},{""end"":0.9232558139534884,""start"":0,""labels"":[""4 (Good)""],""channel"":0}]","2 (Limited Prosody, speech may sound somewhat monotonous, impacting the overall expressiveness of the communication.)"
"4 (Good. Minor pronunciation errors may be present, but overall, the speaker's pronunciation is highly accurate and easily understandable.)",5,5f97bbc9-c953-4143-a4fe-09006ba4c74a---92b07602-30f4-4899-831b-18091ea6063.wav,"4 (Mostly Fluent with occasional minor pauses, repetition, and stammering.)","[{""end"":1.6313879781420766,""start"":1.3363497267759563,""labels"":[""3 (Somewhat inaccurate but quite understandable)""],""channel"":0},{""end"":2.1173333333333333,""start"":1.6487431693989072,""labels"":[""4 (Good)""],""channel"":0},{""end"":1.3189945355191257,""start"":0.0694207650273224,""labels"":[""4 (Good)""],""channel"":0},{""end"":6.3867103825136615,""start"":3.1933551912568308,""labels"":[""4 (Good)""],""channel"":0},{""end"":9.094120218579235,""start"":6.490841530054645,""labels"":[""4 (Good)""],""channel"":0},{""end"":11.506491803278688,""start"":10.41311475409836,""labels"":[""3 (Somewhat inaccurate but quite understandable)""],""channel"":0},{""end"":10.447825136612023,""start"":9.788327868852459,""labels"":[""4 (Good)""],""channel"":0},{""end"":15.88,""start"":11.78417486338798,""labels"":[""4 (Good)""],""channel"":0}]","4 (Good Prosody, prosodic elements are generally well-controlled, with some variations in pitch and rhythm.)"
"3 (Fair. Some noticeable pronunciation errors exist, requiring occasional listener effort for comprehension.)",3,4bdfc385-e6ed-4f32-8bfb-e5c8b67ebe8b---e940bf9b-afc5-436a-a389-8f1b23ae377.wav,"3 (Moderately Fluent with noticeable hesitations, but the communication is still coherent.)","[{""end"":4.423816793893131,""start"":3.974522900763359,""labels"":[""2 (Challenging to recognize but understandable)""],""channel"":0}]","3 (Moderate Prosody, there are noticeable variations in pitch and rhythm, but they may not always align perfectly with the content.)"
"3 (Fair. Some noticeable pronunciation errors exist, requiring occasional listener effort for comprehension.)",1,4bdfc385-e6ed-4f32-8bfb-e5c8b67ebe8b---e940bf9b-afc5-436a-a389-8f1b23ae377.wav,"4 (Mostly Fluent with occasional minor pauses, repetition, and stammering.)","[{""end"":1.4096611721611723,""start"":0.6799542124542124,""labels"":[""1 (Cannot recognize the word)""],""channel"":0},{""end"":1.99010989010989,""start"":1.409661172161172,""labels"":[""3 (Somewhat inaccurate but quite understandable)""],""channel"":0},{""end"":4.544084249084249,""start"":3.565613553113553,""labels"":[""2 (Challenging to recognize but understandable)""],""channel"":0},{""end"":5.091364468864469,""start"":4.510915750915751,""labels"":[""3 (Somewhat inaccurate but quite understandable)""],""channel"":0},{""end"":6.7663736263736265,""start"":5.903992673992674,""labels"":[""2 (Challenging to recognize but understandable)""],""channel"":0},{""end"":7.479496336996337,""start"":6.832710622710622,""labels"":[""3 (Somewhat inaccurate but quite understandable)""],""channel"":0},{""end"":11.443131868131868,""start"":7.794597069597069,""labels"":[""3 (Somewhat inaccurate but quite understandable)""],""channel"":0},{""end"":13.002051282051282,""start"":11.459716117216116,""labels"":[""2 (Challenging to recognize but understandable)""],""channel"":0},{""end"":14.345375457875457,""start"":13.41665750915751,""labels"":[""3 (Somewhat inaccurate but quite understandable)""],""channel"":0},{""end"":15.522857142857141,""start"":14.361959706959706,""labels"":[""2 (Challenging to recognize but understandable)""],""channel"":0},{""end"":18.11,""start"":15.55602564102564,""labels"":[""3 (Somewhat inaccurate but quite understandable)""],""channel"":0}]","4 (Good Prosody, prosodic elements are generally well-controlled, with some variations in pitch and rhythm.)"
"4 (Good. Minor pronunciation errors may be present, but overall, the speaker's pronunciation is highly accurate and easily understandable.)",2,4bdfc385-e6ed-4f32-8bfb-e5c8b67ebe8b---e940bf9b-afc5-436a-a389-8f1b23ae377.wav,"4 (Mostly Fluent with occasional minor pauses, repetition, and stammering.)","[{""end"":5.229625668449198,""start"":3.3734313725490197,""labels"":[""2 (Challenging to recognize but understandable)""],""channel"":0},{""end"":3.308868092691622,""start"":0.7101960784313726,""labels"":[""4 (Good)""],""channel"":0},{""end"":14.284625668449198,""start"":13.251613190730836,""labels"":[""3 (Somewhat inaccurate but quite understandable)""],""channel"":0},{""end"":13.025641711229946,""start"":5.826836007130125,""labels"":[""4 (Good)""],""channel"":0},{""end"":18.09385918003565,""start"":14.413752228163993,""labels"":[""4 (Good)""],""channel"":0}]","4 (Good Prosody, prosodic elements are generally well-controlled, with some variations in pitch and rhythm.)"
"4 (Good. Minor pronunciation errors may be present, but overall, the speaker's pronunciation is highly accurate and easily understandable.)",5,4bdfc385-e6ed-4f32-8bfb-e5c8b67ebe8b---e940bf9b-afc5-436a-a389-8f1b23ae377.wav,"4 (Mostly Fluent with occasional minor pauses, repetition, and stammering.)","[{""end"":2.030415913200723,""start"":1.0479566003616636,""labels"":[""3 (Somewhat inaccurate but quite understandable)""],""channel"":0},{""end"":1.0233951175406872,""start"":0.6959086799276673,""labels"":[""4 (Good)""],""channel"":0},{""end"":4.355569620253164,""start"":3.962585895117541,""labels"":[""3 (Somewhat inaccurate but quite understandable)""],""channel"":0},{""end"":6.525167269439421,""start"":5.92750452079566,""labels"":[""3 (Somewhat inaccurate but quite understandable)""],""channel"":0},{""end"":13.90998643761302,""start"":13.402382459312838,""labels"":[""3 (Somewhat inaccurate but quite understandable)""],""channel"":0},{""end"":3.9298372513562385,""start"":2.767260397830018,""labels"":[""4 (Good)""],""channel"":0},{""end"":5.141537070524412,""start"":4.380131103074141,""labels"":[""4 (Good)""],""channel"":0},{""end"":13.033960216998192,""start"":6.549728752260398,""labels"":[""4 (Good)""],""channel"":0},{""end"":18.11,""start"":13.942735081374321,""labels"":[""4 (Good)""],""channel"":0}]","4 (Good Prosody, prosodic elements are generally well-controlled, with some variations in pitch and rhythm.)"
"4 (Good. Minor pronunciation errors may be present, but overall, the speaker's pronunciation is highly accurate and easily understandable.)",4,4bdfc385-e6ed-4f32-8bfb-e5c8b67ebe8b---e940bf9b-afc5-436a-a389-8f1b23ae377.wav,"4 (Mostly Fluent with occasional minor pauses, repetition, and stammering.)","[{""end"":4.492403100775194,""start"":3.457044573643411,""labels"":[""1 (Cannot recognize the word)""],""channel"":0},{""end"":2.070717054263566,""start"":0.6492926356589147,""labels"":[""4 (Good)""],""channel"":0},{""end"":3.2991085271317826,""start"":2.72000968992248,""labels"":[""4 (Good)""],""channel"":0},{""end"":5.071501937984496,""start"":4.5275,""labels"":[""4 (Good)""],""channel"":0},{""end"":18.11,""start"":5.913827519379845,""labels"":[""4 (Good)""],""channel"":0}]","4 (Good Prosody, prosodic elements are generally well-controlled, with some variations in pitch and rhythm.)"
"3 (Fair. Some noticeable pronunciation errors exist, requiring occasional listener effort for comprehension.)",3,4bdfc385-e6ed-4f32-8bfb-e5c8b67ebe8b---7a20ecff-e425-446c-9584-db16789f2a2.wav,"3 (Moderately Fluent with noticeable hesitations, but the communication is still coherent.)",,"3 (Moderate Prosody, there are noticeable variations in pitch and rhythm, but they may not always align perfectly with the content.)"
"2 (Poor. Pronunciation issues are more pronounced, demanding listener effort for understanding.)",1,4bdfc385-e6ed-4f32-8bfb-e5c8b67ebe8b---7a20ecff-e425-446c-9584-db16789f2a2.wav,2 (Not Very Fluent. Speech is characterized by intermittent disruptions and pauses. There are moments of hesitation that may affect the overall flow.),"[{""end"":1.02,""start"":0.51,""labels"":[""2 (Challenging to recognize but understandable)""],""channel"":0},{""end"":2.67,""start"":1.02,""labels"":[""3 (Somewhat inaccurate but quite understandable)""],""channel"":0},{""end"":3.4949999999999997,""start"":2.715,""labels"":[""1 (Cannot recognize the word)""],""channel"":0},{""end"":5.3549999999999995,""start"":3.7049999999999996,""labels"":[""2 (Challenging to recognize but understandable)""],""channel"":0},{""end"":7.859999999999999,""start"":5.805,""labels"":[""3 (Somewhat inaccurate but quite understandable)""],""channel"":0},{""end"":10.274999999999999,""start"":8.25,""labels"":[""2 (Challenging to recognize but understandable)""],""channel"":0},{""end"":14.595,""start"":11.145,""labels"":[""3 (Somewhat inaccurate but quite understandable)""],""channel"":0},{""end"":16.38,""start"":14.834999999999999,""labels"":[""2 (Challenging to recognize but understandable)""],""channel"":0}]","3 (Moderate Prosody, there are noticeable variations in pitch and rhythm, but they may not always align perfectly with the content.)"
"3 (Fair. Some noticeable pronunciation errors exist, requiring occasional listener effort for comprehension.)",2,4bdfc385-e6ed-4f32-8bfb-e5c8b67ebe8b---7a20ecff-e425-446c-9584-db16789f2a2.wav,"4 (Mostly Fluent with occasional minor pauses, repetition, and stammering.)","[{""end"":2.1898395721925135,""start"":0.4087700534759358,""labels"":[""2 (Challenging to recognize but understandable)""],""channel"":0},{""end"":10.175454545454546,""start"":5.7519786096256675,""labels"":[""4 (Good)""],""channel"":0},{""end"":16.38,""start"":10.919999999999998,""labels"":[""4 (Good)""],""channel"":0},{""end"":5.4454010695187165,""start"":3.459946524064171,""labels"":[""2 (Challenging to recognize but understandable)""],""channel"":0},{""end"":3.3723529411764703,""start"":2.365026737967914,""labels"":[""4 (Good)""],""channel"":0}]","5 (Excellent Prosody, expressive and well-modulated tone, enhancing communication with effective pitch and rhythm variations.)"
"4 (Good. Minor pronunciation errors may be present, but overall, the speaker's pronunciation is highly accurate and easily understandable.)",5,4bdfc385-e6ed-4f32-8bfb-e5c8b67ebe8b---7a20ecff-e425-446c-9584-db16789f2a2.wav,"4 (Mostly Fluent with occasional minor pauses, repetition, and stammering.)","[{""end"":1.3181012658227846,""start"":0.7627215189873416,""labels"":[""3 (Somewhat inaccurate but quite understandable)""],""channel"":0},{""end"":0.7849367088607594,""start"":0.5035443037974683,""labels"":[""4 (Good)""],""channel"":0},{""end"":16.36518987341772,""start"":1.3329113924050633,""labels"":[""4 (Good)""],""channel"":0}]","4 (Good Prosody, prosodic elements are generally well-controlled, with some variations in pitch and rhythm.)"
"3 (Fair. Some noticeable pronunciation errors exist, requiring occasional listener effort for comprehension.)",4,4bdfc385-e6ed-4f32-8bfb-e5c8b67ebe8b---7a20ecff-e425-446c-9584-db16789f2a2.wav,"3 (Moderately Fluent with noticeable hesitations, but the communication is still coherent.)","[{""end"":1.2221511627906976,""start"":0.761860465116279,""labels"":[""3 (Somewhat inaccurate but quite understandable)""],""channel"":0},{""end"":5.364767441860465,""start"":4.20610465116279,""labels"":[""1 (Cannot recognize the word)""],""channel"":0},{""end"":12.443720930232558,""start"":12.237383720930232,""labels"":[""3 (Somewhat inaccurate but quite understandable)""],""channel"":0},{""end"":16.38,""start"":12.491337209302324,""labels"":[""4 (Good)""],""channel"":0},{""end"":11.650116279069767,""start"":11.03110465116279,""labels"":[""4 (Good)""],""channel"":0},{""end"":12.221511627906976,""start"":12.062790697674417,""labels"":[""4 (Good)""],""channel"":0},{""end"":10.34860465116279,""start"":8.19,""labels"":[""4 (Good)""],""channel"":0},{""end"":7.967790697674418,""start"":5.7774418604651165,""labels"":[""4 (Good)""],""channel"":0},{""end"":4.095,""start"":3.6188372093023253,""labels"":[""4 (Good)""],""channel"":0},{""end"":3.444244186046512,""start"":1.2856395348837208,""labels"":[""4 (Good)""],""channel"":0},{""end"":0.761860465116279,""start"":0.47616279069767437,""labels"":[""4 (Good)""],""channel"":0}]","2 (Limited Prosody, speech may sound somewhat monotonous, impacting the overall expressiveness of the communication.)"
1 (Extremely Poor. Very few words are recognizable.),3,3bf230a8-3aa3-4192-9690-1e371135b688---c8884b7f-687a-4569-8b5e-923cb159b3c.wav,2 (Not Very Fluent. Speech is characterized by intermittent disruptions and pauses. There are moments of hesitation that may affect the overall flow.),"[{""end"":3.5871755725190844,""start"":1.0210687022900764,""labels"":[""1 (Cannot recognize the word)""],""channel"":0}]","3 (Moderate Prosody, there are noticeable variations in pitch and rhythm, but they may not always align perfectly with the content.)"
1 (Extremely Poor. Very few words are recognizable.),1,3bf230a8-3aa3-4192-9690-1e371135b688---c8884b7f-687a-4569-8b5e-923cb159b3c.wav,"1 (Not Fluent. Communication is challenging, and the speaker may struggle to convey thoughts smoothly.)","[{""end"":0.6575824175824176,""start"":0,""labels"":[""2 (Challenging to recognize but understandable)""],""channel"":0},{""end"":4.1195604395604395,""start"":0.9863736263736265,""labels"":[""1 (Cannot recognize the word)""],""channel"":0},{""end"":8.54857142857143,""start"":4.370989010989011,""labels"":[""1 (Cannot recognize the word)""],""channel"":0},{""end"":11.527032967032966,""start"":8.916043956043957,""labels"":[""2 (Challenging to recognize but understandable)""],""channel"":0},{""end"":12.784175824175824,""start"":11.546373626373626,""labels"":[""1 (Cannot recognize the word)""],""channel"":0},{""end"":13.925274725274726,""start"":13.151648351648353,""labels"":[""2 (Challenging to recognize but understandable)""],""channel"":0},{""end"":15.375824175824176,""start"":14.138021978021978,""labels"":[""3 (Somewhat inaccurate but quite understandable)""],""channel"":0},{""end"":17.03912087912088,""start"":15.936703296703298,""labels"":[""3 (Somewhat inaccurate but quite understandable)""],""channel"":0},{""end"":18.29626373626374,""start"":17.03912087912088,""labels"":[""2 (Challenging to recognize but understandable)""],""channel"":0},{""end"":21.12,""start"":18.605714285714285,""labels"":[""2 (Challenging to recognize but understandable)""],""channel"":0}]","2 (Limited Prosody, speech may sound somewhat monotonous, impacting the overall expressiveness of the communication.)"
1 (Extremely Poor. Very few words are recognizable.),2,3bf230a8-3aa3-4192-9690-1e371135b688---c8884b7f-687a-4569-8b5e-923cb159b3c.wav,"4 (Mostly Fluent with occasional minor pauses, repetition, and stammering.)","[{""end"":8.545882352941177,""start"":1.016470588235294,""labels"":[""1 (Cannot recognize the word)""],""channel"":0},{""end"":0.9035294117647059,""start"":0,""labels"":[""4 (Good)""],""channel"":0},{""end"":10.145882352941177,""start"":8.941176470588236,""labels"":[""4 (Good)""],""channel"":0},{""end"":12.818823529411764,""start"":10.24,""labels"":[""1 (Cannot recognize the word)""],""channel"":0},{""end"":21.063529411764705,""start"":18.371764705882352,""labels"":[""2 (Challenging to recognize but understandable)""],""channel"":0},{""end"":18.164705882352944,""start"":13.138823529411765,""labels"":[""3 (Somewhat inaccurate but quite understandable)""],""channel"":0}]","4 (Good Prosody, prosodic elements are generally well-controlled, with some variations in pitch and rhythm.)"
"3 (Fair. Some noticeable pronunciation errors exist, requiring occasional listener effort for comprehension.)",5,3bf230a8-3aa3-4192-9690-1e371135b688---c8884b7f-687a-4569-8b5e-923cb159b3c.wav,"3 (Moderately Fluent with noticeable hesitations, but the communication is still coherent.)","[{""end"":21.12,""start"":13.959059674502713,""labels"":[""4 (Good)""],""channel"":0},{""end"":3.609113924050633,""start"":0,""labels"":[""4 (Good)""],""channel"":0},{""end"":4.124701627486438,""start"":3.8191681735985537,""labels"":[""4 (Good)""],""channel"":0},{""end"":8.440361663652803,""start"":4.353851717902351,""labels"":[""2 (Challenging to recognize but understandable)""],""channel"":0},{""end"":12.708282097649187,""start"":11.93490054249548,""labels"":[""1 (Cannot recognize the word)""],""channel"":0},{""end"":11.925352622061483,""start"":8.955949367088607,""labels"":[""4 (Good)""],""channel"":0},{""end"":13.892224231464738,""start"":12.994719710669079,""labels"":[""4 (Good)""],""channel"":0}]","3 (Moderate Prosody, there are noticeable variations in pitch and rhythm, but they may not always align perfectly with the content.)"
"2 (Poor. Pronunciation issues are more pronounced, demanding listener effort for understanding.)",4,3bf230a8-3aa3-4192-9690-1e371135b688---c8884b7f-687a-4569-8b5e-923cb159b3c.wav,"3 (Moderately Fluent with noticeable hesitations, but the communication is still coherent.)","[{""end"":0.7367441860465117,""start"":0,""labels"":[""4 (Good)""],""channel"":0},{""end"":2.721860465116279,""start"":1.1255813953488372,""labels"":[""2 (Challenging to recognize but understandable)""],""channel"":0},{""end"":8.452093023255815,""start"":2.946976744186047,""labels"":[""1 (Cannot recognize the word)""],""channel"":0},{""end"":15.307906976744185,""start"":13.036279069767442,""labels"":[""2 (Challenging to recognize but understandable)""],""channel"":0},{""end"":18.152558139534882,""start"":15.96279069767442,""labels"":[""3 (Somewhat inaccurate but quite understandable)""],""channel"":0},{""end"":19.789767441860466,""start"":18.45953488372093,""labels"":[""2 (Challenging to recognize but understandable)""],""channel"":0},{""end"":21.12,""start"":20.34232558139535,""labels"":[""4 (Good)""],""channel"":0},{""end"":12.708837209302326,""start"":8.82046511627907,""labels"":[""1 (Cannot recognize the word)""],""channel"":0}]","2 (Limited Prosody, speech may sound somewhat monotonous, impacting the overall expressiveness of the communication.)"
"3 (Fair. Some noticeable pronunciation errors exist, requiring occasional listener effort for comprehension.)",3,02f474e2-0c2e-4829-bf96-42a65173bcdc---b050a164-92e3-4c54-a4de-5aff978c12a.wav,"3 (Moderately Fluent with noticeable hesitations, but the communication is still coherent.)","[{""end"":12.254643765903309,""start"":11.234541984732825,""labels"":[""1 (Cannot recognize the word)""],""channel"":0}]","2 (Limited Prosody, speech may sound somewhat monotonous, impacting the overall expressiveness of the communication.)"
"2 (Poor. Pronunciation issues are more pronounced, demanding listener effort for understanding.)",1,02f474e2-0c2e-4829-bf96-42a65173bcdc---b050a164-92e3-4c54-a4de-5aff978c12a.wav,"3 (Moderately Fluent with noticeable hesitations, but the communication is still coherent.)","[{""end"":1.6423992673992676,""start"":0,""labels"":[""3 (Somewhat inaccurate but quite understandable)""],""channel"":0},{""end"":3.632600732600733,""start"":1.7196886446886448,""labels"":[""2 (Challenging to recognize but understandable)""],""channel"":0},{""end"":4.985164835164835,""start"":3.8065018315018317,""labels"":[""3 (Somewhat inaccurate but quite understandable)""],""channel"":0},{""end"":10.646611721611722,""start"":5.4489010989011,""labels"":[""2 (Challenging to recognize but understandable)""],""channel"":0},{""end"":12.772069597069597,""start"":10.878479853479853,""labels"":[""2 (Challenging to recognize but understandable)""],""channel"":0},{""end"":15.670421245421247,""start"":12.888003663003666,""labels"":[""3 (Somewhat inaccurate but quite understandable)""],""channel"":0},{""end"":16.92637362637363,""start"":15.786355311355312,""labels"":[""2 (Challenging to recognize but understandable)""],""channel"":0},{""end"":21.1,""start"":17.19688644688645,""labels"":[""2 (Challenging to recognize but understandable)""],""channel"":0}]","3 (Moderate Prosody, there are noticeable variations in pitch and rhythm, but they may not always align perfectly with the content.)"
"3 (Fair. Some noticeable pronunciation errors exist, requiring occasional listener effort for comprehension.)",2,02f474e2-0c2e-4829-bf96-42a65173bcdc---b050a164-92e3-4c54-a4de-5aff978c12a.wav,"3 (Moderately Fluent with noticeable hesitations, but the communication is still coherent.)","[{""end"":3.7235294117647064,""start"":1.8993761140819965,""labels"":[""3 (Somewhat inaccurate but quite understandable)""],""channel"":0},{""end"":1.8241532976827097,""start"":0,""labels"":[""4 (Good)""],""channel"":0},{""end"":10.794474153297683,""start"":7.766755793226382,""labels"":[""4 (Good)""],""channel"":0},{""end"":5.171568627450981,""start"":3.7611408199643495,""labels"":[""4 (Good)""],""channel"":0},{""end"":7.597504456327986,""start"":5.37843137254902,""labels"":[""2 (Challenging to recognize but understandable)""],""channel"":0},{""end"":21.1,""start"":12.825490196078432,""labels"":[""4 (Good)""],""channel"":0},{""end"":12.637433155080213,""start"":10.907308377896614,""labels"":[""3 (Somewhat inaccurate but quite understandable)""],""channel"":0}]","4 (Good Prosody, prosodic elements are generally well-controlled, with some variations in pitch and rhythm.)"
"2 (Poor. Pronunciation issues are more pronounced, demanding listener effort for understanding.)",5,02f474e2-0c2e-4829-bf96-42a65173bcdc---b050a164-92e3-4c54-a4de-5aff978c12a.wav,"4 (Mostly Fluent with occasional minor pauses, repetition, and stammering.)","[{""end"":21.1,""start"":0.019077757685352623,""labels"":[""4 (Good)""],""channel"":0}]","3 (Moderate Prosody, there are noticeable variations in pitch and rhythm, but they may not always align perfectly with the content.)"
"4 (Good. Minor pronunciation errors may be present, but overall, the speaker's pronunciation is highly accurate and easily understandable.)",4,02f474e2-0c2e-4829-bf96-42a65173bcdc---b050a164-92e3-4c54-a4de-5aff978c12a.wav,"3 (Moderately Fluent with noticeable hesitations, but the communication is still coherent.)","[{""end"":2.8010658914728688,""start"":1.8810077519379846,""labels"":[""3 (Somewhat inaccurate but quite understandable)""],""channel"":0},{""end"":6.542635658914729,""start"":5.765697674418605,""labels"":[""3 (Somewhat inaccurate but quite understandable)""],""channel"":0},{""end"":12.696802325581395,""start"":12.042538759689924,""labels"":[""4 (Good)""],""channel"":0},{""end"":1.7992248062015506,""start"":0,""labels"":[""4 (Good)""],""channel"":0},{""end"":4.968313953488373,""start"":2.841957364341085,""labels"":[""4 (Good)""],""channel"":0},{""end"":5.724806201550388,""start"":5.4385658914728685,""labels"":[""4 (Good)""],""channel"":0},{""end"":7.789825581395349,""start"":6.66531007751938,""labels"":[""4 (Good)""],""channel"":0},{""end"":12.001647286821706,""start"":7.871608527131784,""labels"":[""4 (Good)""],""channel"":0},{""end"":14.414244186046512,""start"":12.819476744186046,""labels"":[""4 (Good)""],""channel"":0},{""end"":15.600096899224807,""start"":14.516472868217056,""labels"":[""4 (Good)""],""channel"":0},{""end"":16.704166666666666,""start"":15.84544573643411,""labels"":[""4 (Good)""],""channel"":0},{""end"":21.079554263565893,""start"":17.07218992248062,""labels"":[""4 (Good)""],""channel"":0}]","3 (Moderate Prosody, there are noticeable variations in pitch and rhythm, but they may not always align perfectly with the content.)"
"2 (Poor. Pronunciation issues are more pronounced, demanding listener effort for understanding.)",3,2d800dcc-8dcc-4812-a5e9-37a6019627b4---c6c78662-8d13-43d1-b55d-2b2b04673aa.wav,"1 (Not Fluent. Communication is challenging, and the speaker may struggle to convey thoughts smoothly.)","[{""end"":17.59001272264631,""start"":16.801494910941475,""labels"":[""1 (Cannot recognize the word)""],""channel"":0}]","2 (Limited Prosody, speech may sound somewhat monotonous, impacting the overall expressiveness of the communication.)"
"2 (Poor. Pronunciation issues are more pronounced, demanding listener effort for understanding.)",1,2d800dcc-8dcc-4812-a5e9-37a6019627b4---c6c78662-8d13-43d1-b55d-2b2b04673aa.wav,"1 (Not Fluent. Communication is challenging, and the speaker may struggle to convey thoughts smoothly.)","[{""end"":0.9080952380952381,""start"":0,""labels"":[""3 (Somewhat inaccurate but quite understandable)""],""channel"":0},{""end"":2.7941391941391944,""start"":2.1130677655677657,""labels"":[""2 (Challenging to recognize but understandable)""],""channel"":0},{""end"":4.0340384615384615,""start"":3.2481868131868135,""labels"":[""3 (Somewhat inaccurate but quite understandable)""],""channel"":0},{""end"":6.077252747252747,""start"":4.226135531135531,""labels"":[""2 (Challenging to recognize but understandable)""],""channel"":0},{""end"":7.334615384615385,""start"":6.1645695970695975,""labels"":[""3 (Somewhat inaccurate but quite understandable)""],""channel"":0},{""end"":10.390705128205127,""start"":8.591978021978022,""labels"":[""3 (Somewhat inaccurate but quite understandable)""],""channel"":0},{""end"":12.887967032967033,""start"":10.827289377289377,""labels"":[""2 (Challenging to recognize but understandable)""],""channel"":0},{""end"":16.555274725274725,""start"":14.68669413919414,""labels"":[""3 (Somewhat inaccurate but quite understandable)""],""channel"":0},{""end"":17.655467032967035,""start"":16.729908424908427,""labels"":[""1 (Cannot recognize the word)""],""channel"":0},{""end"":19.07,""start"":18.58102564102564,""labels"":[""3 (Somewhat inaccurate but quite understandable)""],""channel"":0}]","2 (Limited Prosody, speech may sound somewhat monotonous, impacting the overall expressiveness of the communication.)"
"2 (Poor. Pronunciation issues are more pronounced, demanding listener effort for understanding.)",2,2d800dcc-8dcc-4812-a5e9-37a6019627b4---c6c78662-8d13-43d1-b55d-2b2b04673aa.wav,2 (Not Very Fluent. Speech is characterized by intermittent disruptions and pauses. There are moments of hesitation that may affect the overall flow.),"[{""end"":3.059358288770053,""start"":2.0225757575757575,""labels"":[""2 (Challenging to recognize but understandable)""],""channel"":0},{""end"":0.9687967914438503,""start"":0.06798573975044563,""labels"":[""4 (Good)""],""channel"":0},{""end"":7.563413547237077,""start"":3.2633155080213903,""labels"":[""4 (Good)""],""channel"":0},{""end"":17.693288770053478,""start"":16.741488413547238,""labels"":[""1 (Cannot recognize the word)""],""channel"":0},{""end"":16.503538324420678,""start"":14.70191622103387,""labels"":[""4 (Good)""],""channel"":0},{""end"":13.002272727272727,""start"":8.481221033868094,""labels"":[""4 (Good)""],""channel"":0},{""end"":19.07,""start"":18.271167557932266,""labels"":[""4 (Good)""],""channel"":0}]","3 (Moderate Prosody, there are noticeable variations in pitch and rhythm, but they may not always align perfectly with the content.)"
"4 (Good. Minor pronunciation errors may be present, but overall, the speaker's pronunciation is highly accurate and easily understandable.)",5,2d800dcc-8dcc-4812-a5e9-37a6019627b4---c6c78662-8d13-43d1-b55d-2b2b04673aa.wav,"3 (Moderately Fluent with noticeable hesitations, but the communication is still coherent.)","[{""end"":0.8103887884267631,""start"":0.4138155515370705,""labels"":[""3 (Somewhat inaccurate but quite understandable)""],""channel"":0},{""end"":17.630266726943944,""start"":16.112943037974684,""labels"":[""3 (Somewhat inaccurate but quite understandable)""],""channel"":0},{""end"":0.40519439421338155,""start"":0.008621157323688969,""labels"":[""4 (Good)""],""channel"":0},{""end"":7.259014466546112,""start"":2.0001084990958407,""labels"":[""4 (Good)""],""channel"":0},{""end"":10.302283001808318,""start"":8.509082278481012,""labels"":[""4 (Good)""],""channel"":0},{""end"":12.845524412296564,""start"":10.974733273056058,""labels"":[""4 (Good)""],""channel"":0},{""end"":19.07,""start"":18.31995931283906,""labels"":[""4 (Good)""],""channel"":0},{""end"":16.087079566003617,""start"":14.595619349005425,""labels"":[""4 (Good)""],""channel"":0}]","3 (Moderate Prosody, there are noticeable variations in pitch and rhythm, but they may not always align perfectly with the content.)"
"3 (Fair. Some noticeable pronunciation errors exist, requiring occasional listener effort for comprehension.)",4,2d800dcc-8dcc-4812-a5e9-37a6019627b4---c6c78662-8d13-43d1-b55d-2b2b04673aa.wav,"1 (Not Fluent. Communication is challenging, and the speaker may struggle to convey thoughts smoothly.)","[{""end"":10.255668604651163,""start"":9.424127906976745,""labels"":[""3 (Somewhat inaccurate but quite understandable)""],""channel"":0},{""end"":3.9174806201550387,""start"":3.2152906976744187,""labels"":[""3 (Somewhat inaccurate but quite understandable)""],""channel"":0},{""end"":17.628662790697675,""start"":15.466656976744186,""labels"":[""1 (Cannot recognize the word)""],""channel"":0},{""end"":0.9608914728682171,""start"":0.12935077519379845,""labels"":[""4 (Good)""],""channel"":0},{""end"":3.0120251937984497,""start"":2.069612403100775,""labels"":[""4 (Good)""],""channel"":0},{""end"":7.225164728682171,""start"":4.213139534883721,""labels"":[""4 (Good)""],""channel"":0},{""end"":9.220862403100776,""start"":8.500193798449613,""labels"":[""4 (Good)""],""channel"":0},{""end"":12.805726744186046,""start"":11.937228682170543,""labels"":[""4 (Good)""],""channel"":0},{""end"":19.07,""start"":18.626511627906975,""labels"":[""4 (Good)""],""channel"":0},{""end"":15.15251937984496,""start"":14.65359496124031,""labels"":[""4 (Good)""],""channel"":0},{""end"":11.36438953488372,""start"":10.920901162790699,""labels"":[""4 (Good)""],""channel"":0}]","2 (Limited Prosody, speech may sound somewhat monotonous, impacting the overall expressiveness of the communication.)"
"2 (Poor. Pronunciation issues are more pronounced, demanding listener effort for understanding.)",3,2d800dcc-8dcc-4812-a5e9-37a6019627b4---5b88fa6b-a831-4881-9836-3cf4d57d0be.wav,2 (Not Very Fluent. Speech is characterized by intermittent disruptions and pauses. There are moments of hesitation that may affect the overall flow.),"[{""end"":12.925826972010178,""start"":12.322741730279898,""labels"":[""1 (Cannot recognize the word)""],""channel"":0}]","2 (Limited Prosody, speech may sound somewhat monotonous, impacting the overall expressiveness of the communication.)"
"3 (Fair. Some noticeable pronunciation errors exist, requiring occasional listener effort for comprehension.)",1,2d800dcc-8dcc-4812-a5e9-37a6019627b4---5b88fa6b-a831-4881-9836-3cf4d57d0be.wav,2 (Not Very Fluent. Speech is characterized by intermittent disruptions and pauses. There are moments of hesitation that may affect the overall flow.),"[{""end"":2.3324175824175826,""start"":0,""labels"":[""3 (Somewhat inaccurate but quite understandable)""],""channel"":0},{""end"":4.003983516483516,""start"":2.9284798534798533,""labels"":[""2 (Challenging to recognize but understandable)""],""channel"":0},{""end"":5.325686813186813,""start"":4.6130036630036635,""labels"":[""2 (Challenging to recognize but understandable)""],""channel"":0},{""end"":6.893589743589744,""start"":5.36456043956044,""labels"":[""3 (Somewhat inaccurate but quite understandable)""],""channel"":0},{""end"":8.604029304029304,""start"":8.163461538461538,""labels"":[""3 (Somewhat inaccurate but quite understandable)""],""channel"":0},{""end"":10.664331501831501,""start"":9.096428571428572,""labels"":[""2 (Challenging to recognize but understandable)""],""channel"":0},{""end"":11.791666666666668,""start"":11.247435897435897,""labels"":[""3 (Somewhat inaccurate but quite understandable)""],""channel"":0},{""end"":13.048580586080588,""start"":12.206318681318683,""labels"":[""1 (Cannot recognize the word)""],""channel"":0},{""end"":14.15,""start"":13.839010989010989,""labels"":[""3 (Somewhat inaccurate but quite understandable)""],""channel"":0}]","2 (Limited Prosody, speech may sound somewhat monotonous, impacting the overall expressiveness of the communication.)"
"2 (Poor. Pronunciation issues are more pronounced, demanding listener effort for understanding.)",2,2d800dcc-8dcc-4812-a5e9-37a6019627b4---5b88fa6b-a831-4881-9836-3cf4d57d0be.wav,2 (Not Very Fluent. Speech is characterized by intermittent disruptions and pauses. There are moments of hesitation that may affect the overall flow.),"[{""end"":13.002361853832443,""start"":12.258288770053477,""labels"":[""1 (Cannot recognize the word)""],""channel"":0},{""end"":14.15,""start"":13.809491978609627,""labels"":[""4 (Good)""],""channel"":0},{""end"":2.3078877005347596,""start"":0,""labels"":[""4 (Good)""],""channel"":0},{""end"":4.023039215686275,""start"":2.837566844919786,""labels"":[""3 (Somewhat inaccurate but quite understandable)""],""channel"":0},{""end"":6.936274509803922,""start"":4.489661319073083,""labels"":[""4 (Good)""],""channel"":0},{""end"":11.816889483065953,""start"":7.9956327985739755,""labels"":[""4 (Good)""],""channel"":0}]","3 (Moderate Prosody, there are noticeable variations in pitch and rhythm, but they may not always align perfectly with the content.)"
"4 (Good. Minor pronunciation errors may be present, but overall, the speaker's pronunciation is highly accurate and easily understandable.)",5,2d800dcc-8dcc-4812-a5e9-37a6019627b4---5b88fa6b-a831-4881-9836-3cf4d57d0be.wav,"3 (Moderately Fluent with noticeable hesitations, but the communication is still coherent.)","[{""end"":12.992156419529836,""start"":12.230922242314648,""labels"":[""3 (Somewhat inaccurate but quite understandable)""],""channel"":0},{""end"":3.9533001808318264,""start"":3.3200045207956603,""labels"":[""3 (Somewhat inaccurate but quite understandable)""],""channel"":0},{""end"":6.8575045207956595,""start"":4.592992766726944,""labels"":[""4 (Good)""],""channel"":0},{""end"":10.631690777576853,""start"":8.11130198915009,""labels"":[""4 (Good)""],""channel"":0},{""end"":11.815122061482821,""start"":11.233001808318264,""labels"":[""4 (Good)""],""channel"":0},{""end"":14.15,""start"":13.855741410488246,""labels"":[""4 (Good)""],""channel"":0},{""end"":3.3008137432188067,""start"":0,""labels"":[""4 (Good)""],""channel"":0}]","3 (Moderate Prosody, there are noticeable variations in pitch and rhythm, but they may not always align perfectly with the content.)"
"3 (Fair. Some noticeable pronunciation errors exist, requiring occasional listener effort for comprehension.)",4,2d800dcc-8dcc-4812-a5e9-37a6019627b4---5b88fa6b-a831-4881-9836-3cf4d57d0be.wav,2 (Not Very Fluent. Speech is characterized by intermittent disruptions and pauses. There are moments of hesitation that may affect the overall flow.),"[{""end"":5.690164728682171,""start"":5.347383720930233,""labels"":[""3 (Somewhat inaccurate but quite understandable)""],""channel"":0},{""end"":12.915988372093024,""start"":12.298982558139535,""labels"":[""3 (Somewhat inaccurate but quite understandable)""],""channel"":0},{""end"":14.15,""start"":13.834641472868217,""labels"":[""4 (Good)""],""channel"":0},{""end"":8.528391472868217,""start"":8.171899224806202,""labels"":[""4 (Good)""],""channel"":0},{""end"":10.6125,""start"":9.104263565891474,""labels"":[""3 (Somewhat inaccurate but quite understandable)""],""channel"":0},{""end"":11.832800387596901,""start"":11.174660852713178,""labels"":[""4 (Good)""],""channel"":0},{""end"":6.8830426356589145,""start"":5.854699612403101,""labels"":[""4 (Good)""],""channel"":0},{""end"":5.292538759689923,""start"":4.620687984496125,""labels"":[""4 (Good)""],""channel"":0},{""end"":3.989970930232558,""start"":2.879360465116279,""labels"":[""3 (Somewhat inaccurate but quite understandable)""],""channel"":0},{""end"":2.1526647286821703,""start"":1.5905038759689925,""labels"":[""4 (Good)""],""channel"":0},{""end"":1.3711240310077522,""start"":0,""labels"":[""3 (Somewhat inaccurate but quite understandable)""],""channel"":0}]","1 (Poor Prosody, speech sound robotic or monotonous.)"
"3 (Fair. Some noticeable pronunciation errors exist, requiring occasional listener effort for comprehension.)",3,1abdb5b5-298d-49c1-ab9f-29f6f11e0a9d---b481a3b7-5d1c-4518-b64e-7193dfded9a.wav,"3 (Moderately Fluent with noticeable hesitations, but the communication is still coherent.)",,"3 (Moderate Prosody, there are noticeable variations in pitch and rhythm, but they may not always align perfectly with the content.)"
"3 (Fair. Some noticeable pronunciation errors exist, requiring occasional listener effort for comprehension.)",1,1abdb5b5-298d-49c1-ab9f-29f6f11e0a9d---b481a3b7-5d1c-4518-b64e-7193dfded9a.wav,"3 (Moderately Fluent with noticeable hesitations, but the communication is still coherent.)","[{""end"":3.9554029304029306,""start"":0,""labels"":[""3 (Somewhat inaccurate but quite understandable)""],""channel"":0},{""end"":4.7296520146520145,""start"":4.157380952380953,""labels"":[""2 (Challenging to recognize but understandable)""],""channel"":0},{""end"":5.874194139194138,""start"":4.712820512820512,""labels"":[""3 (Somewhat inaccurate but quite understandable)""],""channel"":0},{""end"":7.792985347985348,""start"":6.412802197802197,""labels"":[""1 (Cannot recognize the word)""],""channel"":0},{""end"":9.206831501831502,""start"":8.348424908424908,""labels"":[""2 (Challenging to recognize but understandable)""],""channel"":0},{""end"":8.365256410256409,""start"":7.809816849816849,""labels"":[""3 (Somewhat inaccurate but quite understandable)""],""channel"":0},{""end"":10.822655677655677,""start"":9.156336996336995,""labels"":[""3 (Somewhat inaccurate but quite understandable)""],""channel"":0},{""end"":11.9671978021978,""start"":11.142454212454211,""labels"":[""3 (Somewhat inaccurate but quite understandable)""],""channel"":0},{""end"":13.04441391941392,""start"":12.286996336996335,""labels"":[""3 (Somewhat inaccurate but quite understandable)""],""channel"":0},{""end"":12.23650183150183,""start"":11.984029304029304,""labels"":[""1 (Cannot recognize the word)""],""channel"":0},{""end"":15.013699633699632,""start"":13.482032967032966,""labels"":[""3 (Somewhat inaccurate but quite understandable)""],""channel"":0},{""end"":15.43448717948718,""start"":15.047362637362637,""labels"":[""1 (Cannot recognize the word)""],""channel"":0},{""end"":15.872106227106228,""start"":15.400824175824175,""labels"":[""3 (Somewhat inaccurate but quite understandable)""],""channel"":0},{""end"":18.38,""start"":16.29289377289377,""labels"":[""3 (Somewhat inaccurate but quite understandable)""],""channel"":0}]","3 (Moderate Prosody, there are noticeable variations in pitch and rhythm, but they may not always align perfectly with the content.)"
"4 (Good. Minor pronunciation errors may be present, but overall, the speaker's pronunciation is highly accurate and easily understandable.)",2,1abdb5b5-298d-49c1-ab9f-29f6f11e0a9d---b481a3b7-5d1c-4518-b64e-7193dfded9a.wav,"4 (Mostly Fluent with occasional minor pauses, repetition, and stammering.)","[{""end"":6.044759358288769,""start"":0,""labels"":[""4 (Good)""],""channel"":0},{""end"":8.403689839572191,""start"":6.372388591800356,""labels"":[""1 (Cannot recognize the word)""],""channel"":0},{""end"":15.939162210338683,""start"":13.400035650623884,""labels"":[""3 (Somewhat inaccurate but quite understandable)""],""channel"":0},{""end"":18.38,""start"":16.36508021390374,""labels"":[""3 (Somewhat inaccurate but quite understandable)""],""channel"":0},{""end"":13.105169340463457,""start"":11.024723707664885,""labels"":[""4 (Good)""],""channel"":0},{""end"":10.680713012477717,""start"":8.20711229946524,""labels"":[""4 (Good)""],""channel"":0}]","4 (Good Prosody, prosodic elements are generally well-controlled, with some variations in pitch and rhythm.)"
"3 (Fair. Some noticeable pronunciation errors exist, requiring occasional listener effort for comprehension.)",5,1abdb5b5-298d-49c1-ab9f-29f6f11e0a9d---b481a3b7-5d1c-4518-b64e-7193dfded9a.wav,"4 (Mostly Fluent with occasional minor pauses, repetition, and stammering.)","[{""end"":7.395207956600361,""start"":6.456265822784809,""labels"":[""2 (Challenging to recognize but understandable)""],""channel"":0},{""end"":18.38,""start"":7.420135623869801,""labels"":[""4 (Good)""],""channel"":0},{""end"":5.899547920433997,""start"":0,""labels"":[""4 (Good)""],""channel"":0}]","4 (Good Prosody, prosodic elements are generally well-controlled, with some variations in pitch and rhythm.)"
"4 (Good. Minor pronunciation errors may be present, but overall, the speaker's pronunciation is highly accurate and easily understandable.)",4,1abdb5b5-298d-49c1-ab9f-29f6f11e0a9d---b481a3b7-5d1c-4518-b64e-7193dfded9a.wav,"4 (Mostly Fluent with occasional minor pauses, repetition, and stammering.)","[{""end"":3.4907751937984495,""start"":2.7961821705426355,""labels"":[""3 (Somewhat inaccurate but quite understandable)""],""channel"":0},{""end"":5.948565891472867,""start"":4.879961240310077,""labels"":[""3 (Somewhat inaccurate but quite understandable)""],""channel"":0},{""end"":12.983546511627907,""start"":12.235523255813952,""labels"":[""Stress errors (the stress is incorrectly placed on different syllables)""],""channel"":0},{""end"":18.30875968992248,""start"":16.385271317829456,""labels"":[""4 (Good)""],""channel"":0},{""end"":15.95782945736434,""start"":13.500038759689922,""labels"":[""4 (Good)""],""channel"":0},{""end"":12.217713178294572,""start"":11.166918604651162,""labels"":[""4 (Good)""],""channel"":0},{""end"":10.757286821705426,""start"":6.393817829457364,""labels"":[""4 (Good)""],""channel"":0},{""end"":4.862151162790698,""start"":4.167558139534883,""labels"":[""4 (Good)""],""channel"":0},{""end"":3.989457364341085,""start"":3.5263953488372093,""labels"":[""4 (Good)""],""channel"":0},{""end"":2.7783720930232554,""start"":0,""labels"":[""4 (Good)""],""channel"":0}]","3 (Moderate Prosody, there are noticeable variations in pitch and rhythm, but they may not always align perfectly with the content.)"
"4 (Good. Minor pronunciation errors may be present, but overall, the speaker's pronunciation is highly accurate and easily understandable.)",3,0da366a3-a684-4c34-9109-11fdfc63227c---68bc2586-0cbd-4669-aa68-094aebd76b7.wav,"3 (Moderately Fluent with noticeable hesitations, but the communication is still coherent.)",,"4 (Good Prosody, prosodic elements are generally well-controlled, with some variations in pitch and rhythm.)"
5 (Excellent. The overall pronunciation of the sentence is nearly perfect with accurate articulation of all sounds.),1,0da366a3-a684-4c34-9109-11fdfc63227c---68bc2586-0cbd-4669-aa68-094aebd76b7.wav,"4 (Mostly Fluent with occasional minor pauses, repetition, and stammering.)","[{""end"":8.426282051282051,""start"":8.058589743589744,""labels"":[""3 (Somewhat inaccurate but quite understandable)""],""channel"":0},{""end"":10.295384615384615,""start"":9.77448717948718,""labels"":[""3 (Somewhat inaccurate but quite understandable)""],""channel"":0},{""end"":9.713205128205129,""start"":8.456923076923077,""labels"":[""4 (Good)""],""channel"":0},{""end"":16.653397435897435,""start"":10.341346153846155,""labels"":[""4 (Good)""],""channel"":0},{""end"":7.997307692307693,""start"":7.537692307692308,""labels"":[""4 (Good)""],""channel"":0},{""end"":6.741025641025641,""start"":0,""labels"":[""4 (Good)""],""channel"":0}]","5 (Excellent Prosody, expressive and well-modulated tone, enhancing communication with effective pitch and rhythm variations.)"
5 (Excellent. The overall pronunciation of the sentence is nearly perfect with accurate articulation of all sounds.),2,0da366a3-a684-4c34-9109-11fdfc63227c---68bc2586-0cbd-4669-aa68-094aebd76b7.wav,"4 (Mostly Fluent with occasional minor pauses, repetition, and stammering.)","[{""end"":6.680071301247772,""start"":4.801301247771836,""labels"":[""4 (Good)""],""channel"":0},{""end"":4.41361853832442,""start"":1.3568894830659537,""labels"":[""4 (Good)""],""channel"":0},{""end"":1.073582887700535,""start"":0,""labels"":[""4 (Good)""],""channel"":0},{""end"":8.543930481283423,""start"":7.99222816399287,""labels"":[""2 (Challenging to recognize but understandable)""],""channel"":0},{""end"":7.93258467023173,""start"":7.395793226381462,""labels"":[""4 (Good)""],""channel"":0},{""end"":16.73,""start"":8.603573975044563,""labels"":[""4 (Good)""],""channel"":0}]","5 (Excellent Prosody, expressive and well-modulated tone, enhancing communication with effective pitch and rhythm variations.)"
"4 (Good. Minor pronunciation errors may be present, but overall, the speaker's pronunciation is highly accurate and easily understandable.)",5,0da366a3-a684-4c34-9109-11fdfc63227c---68bc2586-0cbd-4669-aa68-094aebd76b7.wav,5 (Fluent without noticeable pauses or stammering.)                        ,"[{""end"":8.440632911392406,""start"":8.032215189873417,""labels"":[""3 (Somewhat inaccurate but quite understandable)""],""channel"":0},{""end"":16.73,""start"":8.48601265822785,""labels"":[""4 (Good)""],""channel"":0},{""end"":7.986835443037974,""start"":0,""labels"":[""4 (Good)""],""channel"":0}]","5 (Excellent Prosody, expressive and well-modulated tone, enhancing communication with effective pitch and rhythm variations.)"
5 (Excellent. The overall pronunciation of the sentence is nearly perfect with accurate articulation of all sounds.),4,0da366a3-a684-4c34-9109-11fdfc63227c---68bc2586-0cbd-4669-aa68-094aebd76b7.wav,"4 (Mostly Fluent with occasional minor pauses, repetition, and stammering.)","[{""end"":6.66281976744186,""start"":4.830949612403101,""labels"":[""4 (Good)""],""channel"":0},{""end"":4.587781007751938,""start"":1.459011627906977,""labels"":[""4 (Good)""],""channel"":0},{""end"":12.012529069767442,""start"":7.489593023255814,""labels"":[""4 (Good)""],""channel"":0},{""end"":14.460426356589148,""start"":12.466443798449612,""labels"":[""4 (Good)""],""channel"":0},{""end"":16.73,""start"":14.979186046511629,""labels"":[""4 (Good)""],""channel"":0}]","5 (Excellent Prosody, expressive and well-modulated tone, enhancing communication with effective pitch and rhythm variations.)"